*****************************************************************************************************,,,,,,,,,,,,,,,,,,,
*Project: LaCalera Fluid Model Group,,,,,,,,,,,,,,,,,,,
*File Created: 6/6/2020 11:01:23 AM by PVTflex,,,,,,,,,,,,,,,,,,,
*****************************************************************************************************,,,,,,,,,,,,,,,,,,,
*PVT Tables,,,,,,,,,,,,,,,,,,,
*****************************************************************************************************,,,,,,,,,,,,,,,,,,,
*Reference and Standard Conditions P=[bara]and T=[degC],,,,,,,,,,,,,,,,,,,
*****************************************************************************************************,,,,,,,,,,,,,,,,,,,
1.013,,,,,,,,,,,,,,,,,,,
15.56,,,,,,,,,,,,,,,,,,,
1.013,,,,,,,,,,,,,,,,,,,
15.56,,,,,,,,,,,,,,,,,,,
,,,,,,,,,,,,,,,,,,,
*****************************************************************************************************,,,,,,,,,,,,,,,,,,,
*Table Ranges P=[bara]and T=[degC],,,,,,,,,,,,,,,,,,,
*****************************************************************************************************,,,,,,,,,,,,,,,,,,,
20,,,,,,,,,,,,,,,,,,,
20,,,,,,,,,,,,,,,,,,,
1.01,6.22,11.43,16.64,21.85,27.06,32.27,37.48,42.69,47.9,53.11,58.32,63.53,68.74,73.95,79.16,84.37,89.58,94.79,100
10,13.42,16.84,20.26,23.68,27.11,30.53,33.95,37.37,40.79,44.21,47.63,51.05,54.47,57.89,61.32,64.74,68.16,71.58,75
,,,,,,,,,,,,,,,,,,,
*****************************************************************************************************,,,,,,,,,,,,,,,,,,,
*Table 1: Oil Density [g/cc],,,,,,,,,,,,,,,,,,,
*****************************************************************************************************,,,,,,,,,,,,,,,,,,,
0.709999886,0.704857135,0.699785101,0.694782577,0.689848364,0.684981267,0.680180104,0.675443701,0.670770901,0.66616056,0.661611552,0.657122766,0.652693112,0.648321514,0.64400692,0.639748294,0.635544619,0.631394899,0.627298157,0.623253435
0.700190285,0.695561966,0.690970146,0.686416363,0.681901907,0.677427847,0.672995056,0.668604236,0.664255938,0.659950577,0.655688453,0.65146976,0.6472946,0.643162997,0.639074901,0.635030201,0.631028732,0.627070281,0.623154591,0.619281372
0.68953162,0.685441179,0.68135337,0.677272251,0.673201418,0.669144058,0.665102987,0.661080689,0.657079355,0.653100908,0.649147034,0.645219205,0.6413187,0.637446628,0.633603943,0.629791459,0.626009865,0.622259741,0.618541565,0.614855722
0.678765823,0.675196308,0.671598608,0.667978871,0.664342632,0.660694877,0.657040088,0.653382298,0.649725131,0.64607184,0.642425346,0.638788264,0.635162938,0.631551463,0.627955709,0.624377341,0.620817841,0.617278524,0.613760553,0.610264952
0.668138233,0.665060845,0.661928078,0.658747729,0.655526891,0.65227201,0.648988942,0.645683007,0.642359034,0.639021409,0.635674109,0.632320741,0.628964574,0.625608569,0.622255407,0.618907513,0.615567076,0.612236075,0.608916292,0.605609333
0.657765733,0.655147407,0.652450139,0.649682979,0.646854219,0.643971451,0.641041624,0.638071097,0.635065688,0.632030714,0.628971038,0.625891101,0.622794962,0.619686326,0.616568574,0.613444792,0.610317792,0.607190138,0.604064165,0.600941997
0.647708965,0.645515619,0.643223192,0.640841637,0.638380133,0.63584714,0.633250448,0.63059723,0.627894087,0.62514709,0.622361823,0.619543418,0.61669659,0.613825672,0.61093464,0.608027148,0.605106544,0.602175902,0.599238039,0.596295538
0.637998796,0.636196939,0.634278988,0.632255507,0.630136294,0.627930434,0.625646338,0.623291795,0.62087401,0.618399645,0.615874858,0.613305338,0.610696339,0.60805271,0.605378927,0.60267912,0.599957095,0.597216363,0.594460158,0.591691462
0.628648734,0.627206297,0.625633559,0.623941446,0.622140155,0.620239188,0.618247392,0.616172998,0.614023659,0.611806484,0.609528077,0.607194563,0.604811627,0.602384538,0.59991818,0.597417078,0.594885424,0.592327096,0.589745686,0.587144516
0.619661629,0.618548386,0.617293114,0.61590691,0.614400178,0.612782669,0.611063506,0.609251218,0.607353769,0.605378594,0.603332624,0.601222321,0.599053702,0.596832368,0.594563532,0.592252042,0.589902403,0.587518803,0.585105133,0.582665005
0.611033618,0.610221363,0.609257534,0.608153231,0.606918922,0.605564463,0.60409912,0.602531597,0.600870057,0.599122151,0.597295044,0.595395438,0.5934296,0.591403388,0.589322268,0.587191346,0.585015383,0.582798818,0.58054579,0.578260155
0.602756581,0.602219177,0.601522553,0.60067769,0.599694994,0.598584314,0.597354951,0.59601568,0.594574767,0.593039989,0.591418659,0.589717643,0.587943386,0.586101929,0.584198934,0.582239704,0.5802292,0.578172064,0.576072638,0.573934976
0.59481974,0.594533081,0.594081204,0.593474872,0.592724338,0.591839348,0.59082915,0.589702506,0.588467704,0.587132573,0.585704501,0.584190451,0.582596981,0.58093026,0.579196087,0.577399912,0.575546848,0.573641696,0.571688955,0.569692844
0.587210719,0.587152643,0.586924777,0.586537591,0.586001108,0.585324899,0.584518089,0.583589357,0.582546947,0.581398677,0.580151949,0.578813766,0.577390746,0.575889133,0.574314817,0.572673348,0.57096995,0.569209542,0.567396745,0.565535906
0.579916264,0.580066446,0.580043494,0.579857528,0.579518282,0.579035099,0.578416921,0.577672291,0.576809354,0.575835863,0.574759187,0.573586319,0.57232389,0.570978177,0.569555118,0.568060324,0.566499094,0.564876427,0.563197038,0.561465367
0.572922733,0.573262565,0.57342697,0.573425678,0.573268096,0.57296329,0.572519978,0.571946522,0.571250924,0.570440831,0.569523536,0.568505981,0.567394773,0.566196183,0.564916161,0.563560347,0.56213408,0.560642412,0.559090118,0.557481708
0.566216435,0.566728896,0.567064538,0.567232674,0.567242349,0.567102325,0.566821059,0.566406698,0.565867069,0.565209675,0.564441699,0.563570003,0.562601132,0.561541321,0.560396503,0.559172316,0.557874113,0.55650697,0.555075698,0.553584851
0.559783859,0.560453394,0.560945485,0.561269009,0.561432632,0.561444785,0.561313643,0.56104711,0.560652808,0.560138074,0.55950995,0.558775188,0.557940248,0.557011302,0.55599424,0.554894672,0.553717939,0.552469121,0.551153041,0.549774277
0.553611825,0.554424224,0.555059205,0.5555252,0.555830484,0.555983142,0.555991046,0.555861839,0.555602921,0.555221434,0.554724264,0.554118029,0.55340908,0.552603505,0.551707127,0.550725509,0.54966396,0.548527541,0.54732107,0.546049129
0.547687592,0.548629876,0.549395318,0.549991905,0.550427511,0.550709867,0.550846532,0.550844874,0.550712052,0.550455004,0.550080434,0.549594811,0.549004362,0.548315069,0.547532671,0.546662667,0.545710316,0.544680643,0.543578442,0.542408285
,,,,,,,,,,,,,,,,,,,
*****************************************************************************************************,,,,,,,,,,,,,,,,,,,
*Table 2: Water Density [g/cc],,,,,,,,,,,,,,,,,,,
*****************************************************************************************************,,,,,,,,,,,,,,,,,,,
1.0990089,1.0990089,1.0990089,1.0990089,1.097285269,1.095565056,1.093815764,1.092037769,1.090231459,1.088397242,1.086535539,1.084646789,1.082731443,1.08078997,1.078822852,1.076830582,1.07481367,1.072772637,1.070708017,1.068620356
1.0990089,1.0990089,1.0990089,1.0990089,1.097340353,1.095622492,1.093875431,1.092099543,1.090295218,1.088462865,1.086602905,1.084715777,1.082801935,1.080861846,1.078895992,1.076904869,1.074888987,1.072848867,1.070785044,1.068698065
1.0990089,1.0990089,1.0990089,1.0990089,1.097395579,1.095680039,1.093935176,1.092161366,1.090358999,1.088528483,1.086670242,1.084784713,1.082872352,1.080933626,1.078969018,1.076979025,1.074964156,1.072924935,1.070861896,1.068775587
1.0990089,1.0990089,1.0990089,1.0990089,1.097450947,1.095737694,1.093995,1.092223239,1.090422802,1.088594097,1.086737549,1.084853597,1.082942694,1.081005311,1.07904193,1.077053049,1.075039179,1.073000841,1.070938573,1.068852922
1.0990089,1.0990089,1.0990089,1.0990089,1.097506456,1.095795459,1.094054902,1.09228516,1.090486625,1.088659706,1.086804826,1.084922427,1.083012962,1.081076901,1.079114729,1.077126942,1.075114053,1.073076585,1.071015075,1.068930071
1.0990089,1.0990089,1.0990089,1.0990089,1.097562107,1.095853334,1.094114883,1.092347131,1.090550471,1.08872531,1.086872074,1.084991204,1.083083154,1.081148396,1.079187413,1.077200704,1.07518878,1.073152167,1.071091401,1.069007032
1.0990089,1.0990089,1.0990089,1.0990089,1.0976179,1.095911318,1.094174943,1.092409152,1.090614337,1.088790909,1.086939292,1.085059928,1.083153272,1.081219795,1.079259983,1.077274334,1.07526336,1.073227587,1.071167552,1.069083806
1.0990089,1.0990089,1.0990089,1.0990089,1.097673835,1.095969411,1.094235081,1.092471222,1.090678226,1.088856503,1.087006481,1.085128599,1.083223315,1.0812911,1.079332439,1.077347832,1.075337792,1.073302844,1.071243528,1.069160392
1.0990089,1.0990089,1.0990089,1.0990089,1.097729912,1.096027615,1.094295298,1.092533341,1.090742135,1.088922093,1.087073639,1.085197217,1.083293283,1.081362309,1.07940478,1.077421198,1.075412076,1.073377939,1.071319328,1.069236792
1.0990089,1.0990089,1.0990089,1.0990089,1.097786131,1.096085928,1.094355594,1.092595509,1.090806067,1.088987677,1.087140768,1.085265782,1.083363176,1.081433422,1.079477008,1.077494433,1.075486212,1.073452872,1.071394952,1.069313004
1.0990089,1.0990089,1.0990089,1.0990089,1.097842493,1.09614435,1.094415969,1.092657727,1.090870019,1.089053257,1.087207868,1.085334294,1.083432994,1.08150444,1.07954912,1.077567535,1.0755602,1.073527641,1.0714704,1.069389028
1.0990089,1.0990089,1.0990089,1.0990089,1.097898996,1.096202882,1.094476422,1.092719994,1.090933993,1.089118832,1.087274937,1.085402752,1.083502736,1.081575363,1.079621119,1.077640506,1.07563404,1.073602249,1.071545672,1.069464864
1.0990089,1.0990089,1.0990089,1.0990089,1.097955642,1.096261525,1.094536955,1.092782311,1.090997989,1.089184402,1.087341977,1.085471158,1.083572404,1.08164619,1.079693002,1.077713345,1.075707732,1.073676693,1.071620769,1.069540513
1.0990089,1.0990089,1.0990089,1.0990089,1.09801243,1.096320277,1.094597566,1.092844677,1.091062006,1.089249967,1.087408986,1.08553951,1.083641997,1.081716921,1.079764772,1.077786051,1.075781276,1.073750974,1.071695689,1.069615973
1.0990089,1.0990089,1.0990089,1.0990089,1.098069361,1.096379138,1.094658256,1.092907092,1.091126045,1.089315527,1.087475966,1.085607809,1.083711514,1.081787557,1.079836426,1.077858625,1.075854671,1.073825093,1.071770433,1.069691246
1.0990089,1.0990089,1.0990089,1.0990089,1.098126434,1.09643811,1.094719025,1.092969557,1.091190105,1.089381082,1.087542916,1.085676054,1.083780956,1.081858096,1.079907966,1.077931067,1.075927918,1.073899048,1.071845001,1.06976633
1.0990089,1.0990089,1.0990089,1.0990089,1.09818365,1.096497192,1.094779873,1.093032072,1.091254187,1.089446632,1.087609837,1.085744247,1.083850323,1.081928541,1.079979391,1.078003377,1.076001016,1.07397284,1.071919392,1.069841226
1.0990089,1.0990089,1.0990089,1.0990089,1.098241008,1.096556384,1.0948408,1.093094636,1.09131829,1.089512177,1.087676727,1.085812385,1.083919614,1.081998889,1.080050701,1.078075554,1.076073966,1.074046469,1.071993607,1.069915934
1.0990089,1.0990089,1.0990089,1.0990089,1.098298509,1.096615686,1.094901806,1.09315725,1.091382415,1.089577718,1.087743587,1.085880471,1.08398883,1.082069141,1.080121896,1.078147598,1.076146768,1.074119935,1.072067645,1.069990453
1.0990089,1.0990089,1.0990089,1.0990089,1.098356152,1.096675098,1.094962891,1.093219913,1.091446562,1.089643253,1.087810418,1.085948503,1.084057971,1.082139298,1.080192976,1.07821951,1.07621942,1.074193237,1.072141506,1.070064784
,,,,,,,,,,,,,,,,,,,
*****************************************************************************************************,,,,,,,,,,,,,,,,,,,
*Table 3: Gas Density [g/cc],,,,,,,,,,,,,,,,,,,
*****************************************************************************************************,,,,,,,,,,,,,,,,,,,
0.00090114,0.000890331,0.000879779,0.000869476,0.000859411,0.000849579,0.000839969,0.000830575,0.00082139,0.000812406,0.000803618,0.000795018,0.000786601,0.00077836,0.000770291,0.000762389,0.000754647,0.000747061,0.000739626,0.000732339
0.005572418,0.005503919,0.005437128,0.005371979,0.005308411,0.005246365,0.005185786,0.00512662,0.005068818,0.005012331,0.004957115,0.004903126,0.004850321,0.004798663,0.004748113,0.004698636,0.004650195,0.00460276,0.004556298,0.004510778
0.010312765,0.010182858,0.010056337,0.009933064,0.00981291,0.009695751,0.009581472,0.009469963,0.009361119,0.009254843,0.009151039,0.00904962,0.008950501,0.008853601,0.008758844,0.008666157,0.00857547,0.008486717,0.008399835,0.008314763
0.01512176,0.014926578,0.014736709,0.014551925,0.014372009,0.014196759,0.014025984,0.013859503,0.013697146,0.013538753,0.013384171,0.013233257,0.013085875,0.012941895,0.012801195,0.012663658,0.012529173,0.012397635,0.012268944,0.012143004
0.019998688,0.019734228,0.019477281,0.019227501,0.018984569,0.018748182,0.018518058,0.018293932,0.018075555,0.017862691,0.017655119,0.01745263,0.017255027,0.017062123,0.016873742,0.016689717,0.016509888,0.016334105,0.016162226,0.015994113
0.024942505,0.024604651,0.024276797,0.02395846,0.02364919,0.023348569,0.023056205,0.02277173,0.022494802,0.022225097,0.021962313,0.021706165,0.021456385,0.021212718,0.020974927,0.020742785,0.020516078,0.020294605,0.020078174,0.019866602
0.029951817,0.029536356,0.029133692,0.028743174,0.028364203,0.027996217,0.027638696,0.027291153,0.026953137,0.02662422,0.026304007,0.025992123,0.02568822,0.025391966,0.025103051,0.024821184,0.024546089,0.024277503,0.024015181,0.02375889
0.035024846,0.034527498,0.034046069,0.033579713,0.03312765,0.032689155,0.032263557,0.031850231,0.031448597,0.031058111,0.030678268,0.030308595,0.029948646,0.029598007,0.029256286,0.028923116,0.028598149,0.028281061,0.027971542,0.027669302
0.040159401,0.039575851,0.039011684,0.038465824,0.037937282,0.037425145,0.036928566,0.036446762,0.035979008,0.035524626,0.035082987,0.034653503,0.034235626,0.033828842,0.03343267,0.033046657,0.032670379,0.032303437,0.031945455,0.031596078
0.045352862,0.044678796,0.04402793,0.043398923,0.042790545,0.042201666,0.041631243,0.041078312,0.040541981,0.040021424,0.039515872,0.039024609,0.038546971,0.038082333,0.037630115,0.037189771,0.036760791,0.036342694,0.035935031,0.035537376
0.050602154,0.049833304,0.049091829,0.048376088,0.047684578,0.047015924,0.046368858,0.045742216,0.04513492,0.044545976,0.04397446,0.043419515,0.042880346,0.04235621,0.041846415,0.041350313,0.040867298,0.040396804,0.039938297,0.039491277
0.055903738,0.055035925,0.054200026,0.053394058,0.052616215,0.051864844,0.051138431,0.050435584,0.049755023,0.049095566,0.04845612,0.047835672,0.047233283,0.046648081,0.04607925,0.045526034,0.044987723,0.044463654,0.043953206,0.043455798
0.0612536,0.060282791,0.05934879,0.058449238,0.057581989,0.056745085,0.055936739,0.055155311,0.054399295,0.053667306,0.052958065,0.052270389,0.051603185,0.050955437,0.0503262,0.049714596,0.049119804,0.04854106,0.047977647,0.047428894
0.06664726,0.065569615,0.064534022,0.063537703,0.062578141,0.061653046,0.06076033,0.059898083,0.059064556,0.058258142,0.057477361,0.056720848,0.05598734,0.05527567,0.054584752,0.053913578,0.05326121,0.052626773,0.052009448,0.051408472
0.072079779,0.070891712,0.069751268,0.068655218,0.06760064,0.066584883,0.065605536,0.064660399,0.06374746,0.062864874,0.062010945,0.061184112,0.060382934,0.059606079,0.058852313,0.058120491,0.057409547,0.056718489,0.056046394,0.055392398
0.077545779,0.076244013,0.074995744,0.073797257,0.072645198,0.07153653,0.070468497,0.069438588,0.068444512,0.06748417,0.066555637,0.065657146,0.064787065,0.063943889,0.063126226,0.062332786,0.061562371,0.060813866,0.060086234,0.059378506
0.083039485,0.081621104,0.080262364,0.078959033,0.077707302,0.076503725,0.075345181,0.07422883,0.073152087,0.072112587,0.071108165,0.070136833,0.069196761,0.068286264,0.067403782,0.066547874,0.065717204,0.064910527,0.06412669,0.063364615
0.088554759,0.087017262,0.085545776,0.084135534,0.082782245,0.081482039,0.080231412,0.079027183,0.077866458,0.076746596,0.075665179,0.074619991,0.073608998,0.072630323,0.071682235,0.070763136,0.069871544,0.069006082,0.068165474,0.067348531
0.094085162,0.092426506,0.090840414,0.089321561,0.087865163,0.086466909,0.085122903,0.08382961,0.082583818,0.081382598,0.080223275,0.079103398,0.078020716,0.07697316,0.075958822,0.074975939,0.07402288,0.073098135,0.072200298,0.071328065
0.099624014,0.097842656,0.096140539,0.094511773,0.092951073,0.091453678,0.09001529,0.088632012,0.08730031,0.08601696,0.084779023,0.083583806,0.082428841,0.08131186,0.080230772,0.079183649,0.078168708,0.077184297,0.076228883,0.075301043
,,,,,,,,,,,,,,,,,,,
*****************************************************************************************************,,,,,,,,,,,,,,,,,,,
*Table 4: Oil Viscosity [centipoise],,,,,,,,,,,,,,,,,,,
*****************************************************************************************************,,,,,,,,,,,,,,,,,,,
4.538909217,3.306702573,2.345950985,1.955178445,1.668154472,1.449632255,1.278403085,1.141033766,1.028648816,0.935172976,0.856321029,0.788991475,0.730888815,0.680280546,0.635836331,0.596518887,0.561508281,0.530148371,0.501908223,0.476353864
3.243748104,2.451484688,1.804868237,1.537549249,1.336934027,1.181249395,1.057139152,0.955998573,0.872055095,0.801302439,0.740878781,0.688688484,0.643163558,0.603108462,0.56759633,0.535897873,0.507431619,0.4817284,0.458405569,0.437147983
2.471472584,1.920210931,1.454628436,1.259826393,1.111312609,0.994428417,0.900055481,0.82224689,0.756969328,0.701395915,0.653489134,0.611744621,0.575028149,0.542468718,0.513386519,0.487243249,0.463607116,0.442127704,0.422517635,0.404538962
1.988267568,1.577367987,1.221298265,1.071020872,0.955121056,0.862957227,0.787841737,0.725373809,0.672545055,0.627231967,0.587894166,0.553387668,0.522845305,0.495597818,0.471120412,0.4489957,0.428887482,0.410521836,0.393673261,0.378154358
1.662907504,1.34097529,1.056353631,0.935462661,0.841403886,0.766017143,0.70413379,0.652329349,0.608248749,0.570220745,0.537027207,0.507759539,0.481726268,0.458391786,0.437334674,0.418218707,0.400772253,0.384773376,0.370038884,0.356416147
1.430594906,1.168967443,0.93389299,0.833569141,0.754971554,0.691585935,0.639260225,0.595228556,0.557579762,0.524951928,0.496348672,0.471024302,0.4484096,0.428062429,0.409634031,0.392845497,0.37747101,0.363325687,0.350256626,0.338136198
1.257026425,1.038446976,0.839404789,0.754150537,0.686985826,0.632549627,0.587407335,0.54926085,0.516516095,0.488033251,0.462975916,0.440716448,0.420774585,0.402776476,0.386426646,0.37148837,0.357769665,0.345113113,0.333388335,0.322486358
1.122666464,0.936086047,0.764246694,0.690440331,0.632026899,0.584488917,0.544919668,0.51136703,0.482472542,0.457262119,0.435019193,0.415204865,0.397405967,0.381300311,0.366632853,0.35319897,0.340832499,0.329397032,0.318779469,0.308885187
1.015675881,0.853661972,0.702984787,0.638130985,0.586605156,0.544528321,0.509395334,0.479518418,0.453719838,0.431153073,0.411194088,0.393372706,0.377327857,0.362777571,0.349498354,0.337310687,0.326068646,0.315652324,0.305962223,0.296915036
0.928500905,0.785848899,0.652042398,0.594357643,0.548377547,0.510720068,0.479193941,0.452318786,0.429059129,0.408669164,0.390598108,0.374430317,0.359846159,0.346595717,0.334480689,0.323341644,0.313048874,0.303495724,0.294593629,0.286268398
0.856111821,0.729054458,0.608973131,0.557143292,0.515713931,0.481698761,0.453157433,0.428775895,0.407633096,0.389064441,0.372578351,0.357803351,0.344453428,0.332304723,0.321179446,0.310934543,0.301453551,0.292640648,0.284416225,0.276713563
0.795037733,0.6807715,0.572048571,0.525080295,0.487445377,0.456478851,0.430444761,0.408164941,0.388812051,0.37178816,0.356650382,0.343063633,0.330769652,0.319566114,0.309292207,0.299818451,0.291039373,0.282868149,0.275232618,0.268072281
0.742809897,0.639198884,0.54001341,0.497139314,0.462711731,0.434330895,0.410430042,0.389943776,0.372122702,0.356424448,0.34244678,0.329885047,0.318504222,0.30812004,0.298585939,0.289783846,0.281617533,0.274007754,0.266888625,0.260204893
0.697626346,0.603010154,0.51193407,0.472550152,0.440865782,0.414703179,0.39263758,0.373698451,0.357202101,0.342653068,0.3296835,0.318014516,0.307430796,0.297763401,0.288877884,0.280665872,0.273039008,0.265924502,0.259261821,0.253000191
0.658142066,0.571207229,0.487101833,0.450724904,0.421411006,0.397170458,0.376699113,0.35910718,0.343766995,0.33022316,0.318137229,0.307252393,0.297370222,0.288334933,0.28002248,0.272332833,0.265184403,0.25850996,0.252253582,0.246368352
0.62333336,0.543024891,0.464968917,0.431206902,0.403959953,0.381399491,0.362324902,0.345915835,0.331592886,0.318935222,0.307629795,0.297438881,0.288178673,0.279704785,0.27190219,0.264678094,0.257956789,0.251675873,0.245783429,0.240235899
0.59240763,0.517866698,0.445105175,0.413635916,0.388205715,0.367125284,0.349283705,0.333920895,0.320499394,0.308628452,0.298017154,0.288444421,0.279739212,0.271767098,0.26442094,0.257614274,0.251276539,0.245349562,0.239784937,0.234542049
0.564741828,0.495260905,0.427168053,0.397723871,0.373901915,0.354134348,0.337388602,0.322957324,0.310339806,0.299171687,0.289181485,0.280162755,0.271955684,0.264434611,0.257499341,0.251068994,0.245077546,0.239470554,0.234202713,0.229236004
0.539839528,0.474829498,0.41088131,0.383237561,0.360848398,0.342252671,0.326486765,0.312889792,0.30099348,0.290456779,0.281025395,0.272505829,0.264748218,0.257634667,0.251071146,0.244981724,0.239304405,0.233988061,0.228990138,0.224274927
0.517300368,0.456265999,0.396019656,0.369986116,0.348880803,0.331336926,0.316451949,0.303606207,0.292360231,0.282393698,0.273467606,0.265399992,0.258049854,0.251306228,0.245080578,0.239301395,0.233910279,0.228859061,0.224107649,0.219622395
,,,,,,,,,,,,,,,,,,,
*****************************************************************************************************,,,,,,,,,,,,,,,,,,,
*Table 5: Water Viscosity [centipoise],,,,,,,,,,,,,,,,,,,
*****************************************************************************************************,,,,,,,,,,,,,,,,,,,
1.604760284,1.486893668,1.37956772,1.281765083,1.192567826,1.111149497,1.036766892,0.968752066,0.90650484,0.849485885,0.797210428,0.749242567,0.705190146,0.664700174,0.627454716,0.593167227,0.56157928,0.532457648,0.505591699,0.48079108
1.604760284,1.486893668,1.37956772,1.281765083,1.192567826,1.111149497,1.036766892,0.968752066,0.90650484,0.849485885,0.797210428,0.749242567,0.705190146,0.664700174,0.627454716,0.593167227,0.56157928,0.532457648,0.505591699,0.48079108
1.604760284,1.486893668,1.37956772,1.281765083,1.192567826,1.111149497,1.036766892,0.968752066,0.90650484,0.849485885,0.797210428,0.749242567,0.705190146,0.664700174,0.627454716,0.593167227,0.56157928,0.532457648,0.505591699,0.48079108
1.604760284,1.486893668,1.37956772,1.281765083,1.192567826,1.111149497,1.036766892,0.968752066,0.90650484,0.849485885,0.797210428,0.749242567,0.705190146,0.664700174,0.627454716,0.593167227,0.56157928,0.532457648,0.505591699,0.48079108
1.604760284,1.486893668,1.37956772,1.281765083,1.192567826,1.111149497,1.036766892,0.968752066,0.90650484,0.849485885,0.797210428,0.749242567,0.705190146,0.664700174,0.627454716,0.593167227,0.56157928,0.532457648,0.505591699,0.48079108
1.604760284,1.486893668,1.37956772,1.281765083,1.192567826,1.111149497,1.036766892,0.968752066,0.90650484,0.849485885,0.797210428,0.749242567,0.705190146,0.664700174,0.627454716,0.593167227,0.56157928,0.532457648,0.505591699,0.48079108
1.604760284,1.486893668,1.37956772,1.281765083,1.192567826,1.111149497,1.036766892,0.968752066,0.90650484,0.849485885,0.797210428,0.749242567,0.705190146,0.664700174,0.627454716,0.593167227,0.56157928,0.532457648,0.505591699,0.48079108
1.604760284,1.486893668,1.37956772,1.281765083,1.192567826,1.111149497,1.036766892,0.968752066,0.90650484,0.849485885,0.797210428,0.749242567,0.705190146,0.664700174,0.627454716,0.593167227,0.56157928,0.532457648,0.505591699,0.48079108
1.604760284,1.486893668,1.37956772,1.281765083,1.192567826,1.111149497,1.036766892,0.968752066,0.90650484,0.849485885,0.797210428,0.749242567,0.705190146,0.664700174,0.627454716,0.593167227,0.56157928,0.532457648,0.505591699,0.48079108
1.604760284,1.486893668,1.37956772,1.281765083,1.192567826,1.111149497,1.036766892,0.968752066,0.90650484,0.849485885,0.797210428,0.749242567,0.705190146,0.664700174,0.627454716,0.593167227,0.56157928,0.532457648,0.505591699,0.48079108
1.604760284,1.486893668,1.37956772,1.281765083,1.192567826,1.111149497,1.036766892,0.968752066,0.90650484,0.849485885,0.797210428,0.749242567,0.705190146,0.664700174,0.627454716,0.593167227,0.56157928,0.532457648,0.505591699,0.48079108
1.604760284,1.486893668,1.37956772,1.281765083,1.192567826,1.111149497,1.036766892,0.968752066,0.90650484,0.849485885,0.797210428,0.749242567,0.705190146,0.664700174,0.627454716,0.593167227,0.56157928,0.532457648,0.505591699,0.48079108
1.604760284,1.486893668,1.37956772,1.281765083,1.192567826,1.111149497,1.036766892,0.968752066,0.90650484,0.849485885,0.797210428,0.749242567,0.705190146,0.664700174,0.627454716,0.593167227,0.56157928,0.532457648,0.505591699,0.48079108
1.604760284,1.486893668,1.37956772,1.281765083,1.192567826,1.111149497,1.036766892,0.968752066,0.90650484,0.849485885,0.797210428,0.749242567,0.705190146,0.664700174,0.627454716,0.593167227,0.56157928,0.532457648,0.505591699,0.48079108
1.604760284,1.486893668,1.37956772,1.281765083,1.192567826,1.111149497,1.036766892,0.968752066,0.90650484,0.849485885,0.797210428,0.749242567,0.705190146,0.664700174,0.627454716,0.593167227,0.56157928,0.532457648,0.505591699,0.48079108
1.604760284,1.486893668,1.37956772,1.281765083,1.192567826,1.111149497,1.036766892,0.968752066,0.90650484,0.849485885,0.797210428,0.749242567,0.705190146,0.664700174,0.627454716,0.593167227,0.56157928,0.532457648,0.505591699,0.48079108
1.604760284,1.486893668,1.37956772,1.281765083,1.192567826,1.111149497,1.036766892,0.968752066,0.90650484,0.849485885,0.797210428,0.749242567,0.705190146,0.664700174,0.627454716,0.593167227,0.56157928,0.532457648,0.505591699,0.48079108
1.604760284,1.486893668,1.37956772,1.281765083,1.192567826,1.111149497,1.036766892,0.968752066,0.90650484,0.849485885,0.797210428,0.749242567,0.705190146,0.664700174,0.627454716,0.593167227,0.56157928,0.532457648,0.505591699,0.48079108
1.604760284,1.486893668,1.37956772,1.281765083,1.192567826,1.111149497,1.036766892,0.968752066,0.90650484,0.849485885,0.797210428,0.749242567,0.705190146,0.664700174,0.627454716,0.593167227,0.56157928,0.532457648,0.505591699,0.48079108
1.604760284,1.486893668,1.37956772,1.281765083,1.192567826,1.111149497,1.036766892,0.968752066,0.90650484,0.849485885,0.797210428,0.749242567,0.705190146,0.664700174,0.627454716,0.593167227,0.56157928,0.532457648,0.505591699,0.48079108
,,,,,,,,,,,,,,,,,,,
*****************************************************************************************************,,,,,,,,,,,,,,,,,,,
*Table 6: Gas Viscosity [centipoise],,,,,,,,,,,,,,,,,,,
*****************************************************************************************************,,,,,,,,,,,,,,,,,,,
0.011088173,0.011219885,0.011351208,0.011482139,0.011612677,0.011742822,0.011872572,0.012001927,0.012130887,0.01225945,0.012387618,0.012515391,0.012642768,0.012769751,0.01289634,0.013022536,0.013148339,0.01327375,0.013398771,0.013523403
0.011187266,0.011315736,0.011443977,0.011571977,0.011699724,0.011827209,0.011954424,0.012081359,0.012208008,0.012334364,0.012460422,0.012586175,0.012711619,0.01283675,0.012961563,0.013086056,0.013210225,0.013334067,0.013457581,0.013580764
0.011312543,0.011437371,0.011562137,0.01168682,0.011811397,0.011935852,0.012060165,0.012184323,0.012308311,0.012432115,0.012555724,0.012679126,0.012802312,0.012925273,0.013047999,0.013170483,0.013292718,0.013414698,0.013536417,0.013657869
0.01145521,0.01157607,0.011697048,0.011818112,0.011939229,0.012060372,0.012181516,0.012302635,0.012423709,0.012544717,0.012665641,0.012786464,0.01290717,0.013027744,0.013148173,0.013268445,0.013388548,0.013508473,0.013628209,0.013747747
0.011612512,0.011729068,0.01184594,0.011963082,0.012080452,0.01219801,0.012315722,0.012433554,0.012551475,0.012669459,0.012787479,0.012905511,0.013023533,0.013141526,0.013259471,0.013377349,0.013495146,0.013612846,0.013730436,0.013847902
0.011783169,0.011895059,0.012007485,0.012120387,0.012233709,0.012347399,0.01246141,0.012575699,0.012690226,0.012804955,0.012919851,0.013034883,0.013150023,0.013265243,0.01338052,0.013495829,0.013611151,0.013726465,0.013841752,0.013956997
0.011966516,0.012073349,0.012180965,0.012289285,0.012398238,0.012507758,0.012617786,0.012728265,0.012839146,0.012950382,0.013061928,0.013173747,0.0132858,0.013398055,0.013510479,0.013623044,0.013735722,0.013848488,0.01396132,0.014074195
0.012162207,0.012263558,0.012365969,0.01246934,0.012573582,0.012678613,0.012784357,0.012890746,0.012997717,0.01310521,0.013213173,0.013321555,0.013430313,0.013539402,0.013648785,0.013758425,0.013868289,0.013978346,0.014088566,0.014198923
0.012370074,0.012465485,0.012562266,0.012660295,0.012759461,0.012859662,0.012960805,0.013062807,0.013165588,0.013269079,0.013373212,0.013477928,0.013583171,0.01368889,0.013795037,0.013901569,0.014008443,0.014115624,0.014223075,0.014330764
0.012590061,0.012679038,0.012769734,0.012862,0.0129557,0.01305071,0.013146917,0.013244218,0.013342518,0.013441732,0.01354178,0.013642589,0.013744092,0.013846227,0.013948938,0.01405217,0.014155876,0.01426001,0.01436453,0.014469398
0.012822181,0.012904194,0.012988319,0.013074374,0.013162196,0.013251632,0.013342548,0.013434819,0.013528332,0.013622983,0.013718678,0.01381533,0.013912858,0.014011189,0.014110255,0.014209993,0.014310346,0.014411259,0.014512684,0.014614573
0.013066484,0.013140968,0.013218005,0.013297376,0.013378882,0.013462343,0.013547595,0.013634491,0.013722896,0.013812687,0.013903752,0.013995986,0.014089296,0.014183595,0.014278803,0.014374846,0.014471656,0.01456917,0.014667329,0.014766081
0.013323039,0.013389396,0.013458801,0.013530988,0.01360572,0.013682783,0.013761983,0.013843144,0.013926108,0.014010729,0.014096874,0.014184423,0.014273264,0.014363297,0.014454426,0.014546567,0.01463964,0.014733572,0.014828294,0.014923745
0.01359192,0.013649523,0.013710722,0.013775202,0.013842681,0.013912906,0.013985648,0.014060701,0.014137878,0.014217008,0.014297937,0.014380523,0.014464638,0.014550163,0.014636989,0.014725016,0.014814154,0.014904317,0.014995427,0.015087411
0.013873194,0.013921386,0.013973781,0.014030009,0.014089738,0.014152669,0.014218534,0.014287092,0.014358126,0.014431435,0.014506842,0.014584182,0.014663305,0.014744075,0.014826367,0.014910066,0.014995067,0.015081271,0.01516859,0.01525694
0.014166913,0.01420501,0.014247983,0.014295396,0.014346859,0.014402025,0.014460582,0.014522249,0.014586773,0.014653924,0.014723495,0.014795298,0.01486916,0.014944924,0.015022448,0.015101599,0.015182257,0.01526431,0.015347657,0.015432203
0.014473101,0.0145004,0.014533313,0.014571332,0.014614002,0.014660922,0.014711728,0.014766097,0.014823737,0.014884385,0.014947802,0.015013772,0.015082099,0.015152602,0.015225119,0.0152995,0.015375607,0.015453316,0.015532508,0.015613079
0.014791754,0.014807535,0.014829737,0.014857769,0.014891109,0.014929289,0.014971896,0.015018554,0.015068932,0.015122726,0.015179666,0.015239504,0.015302017,0.015367001,0.015434272,0.015503658,0.015575006,0.015648173,0.015723028,0.015799451
0.01512283,0.015126362,0.015137191,0.015154639,0.015178101,0.015207046,0.015240997,0.015279528,0.015322259,0.015368847,0.015418982,0.015472387,0.015528807,0.015588012,0.015649794,0.015713961,0.015780339,0.015848768,0.015919101,0.015991203
0.01546625,0.015456796,0.015455587,0.015461845,0.015474882,0.01549409,0.015518927,0.015548911,0.01558361,0.015622637,0.015665641,0.015712309,0.015762355,0.015815522,0.015871573,0.015930295,0.015991493,0.016054987,0.016120614,0.016188223
,,,,,,,,,,,,,,,,,,,
*****************************************************************************************************,,,,,,,,,,,,,,,,,,,
*Table 7: Oil Formation Vol Factor [m3/sm3],,,,,,,,,,,,,,,,,,,
*****************************************************************************************************,,,,,,,,,,,,,,,,,,,
1.041287888,1.048829776,1.056378934,1.063934826,1.071496963,1.079064899,1.086638227,1.094216574,1.1017996,1.109386991,1.116978459,1.124573741,1.132172592,1.139774787,1.147380121,1.154988399,1.162599447,1.170213098,1.177829201,1.185447614
1.067135715,1.073791847,1.080505443,1.087272262,1.094088442,1.100950461,1.1078551,1.114799414,1.121780707,1.128796503,1.13584453,1.142922697,1.150029078,1.157161897,1.164319515,1.171500416,1.1787032,1.185926566,1.193169311,1.200430316
1.096715754,1.102358234,1.108115619,1.11397943,1.119941944,1.125996117,1.132135513,1.138354245,1.14464692,1.151008588,1.157434706,1.16392109,1.170463892,1.17705956,1.183704817,1.190396631,1.197132201,1.203908929,1.210724406,1.217576396
1.12830573,1.13286568,1.137601881,1.142501325,1.147552167,1.152743602,1.158065758,1.163509606,1.169066871,1.174729965,1.180491914,1.186346306,1.192287234,1.198309252,1.204407332,1.210576827,1.216813436,1.223113176,1.229472353,1.235887537
1.161327357,1.164755718,1.168424454,1.172315827,1.17641368,1.180703278,1.185171157,1.189805002,1.19459353,1.199526388,1.20459407,1.209787827,1.215099605,1.220521975,1.226048081,1.231671585,1.237386621,1.243187756,1.249069953,1.255028534
1.195475009,1.197733194,1.200298066,1.203146992,1.206259361,1.209616368,1.21320084,1.216997062,1.220990638,1.225168361,1.2295181,1.234028695,1.238689869,1.243492144,1.248426772,1.253485666,1.258661344,1.263946873,1.269335825,1.274822233
1.230556888,1.231612883,1.23304369,1.23482165,1.236921572,1.239320476,1.241997371,1.244933054,1.24810993,1.251511859,1.255124013,1.258932756,1.262925526,1.267090741,1.271417709,1.275896547,1.28051811,1.285273925,1.290156139,1.295157456
1.266440444,1.266266777,1.266537605,1.267220126,1.268284464,1.26970337,1.27145195,1.273507428,1.275848941,1.278457347,1.281315063,1.284405915,1.287715007,1.291228604,1.294934026,1.298819553,1.302874338,1.307088336,1.31145223,1.315957372
1.303028159,1.3016007,1.300688785,1.30025437,1.300262804,1.300682481,1.301484528,1.30264253,1.304132287,1.305931599,1.308020071,1.310378945,1.312990943,1.315840135,1.318911814,1.322192386,1.325669272,1.32933082,1.333166225,1.337165454
1.340245046,1.337542234,1.335427238,1.33385668,1.332791052,1.332194317,1.332033554,1.332278646,1.332902001,1.333878305,1.335184305,1.336798613,1.33870153,1.340874892,1.34330193,1.345967145,1.348856194,1.351955792,1.355253618,1.358738235
1.378031514,1.37403383,1.370697341,1.367973252,1.365817124,1.364188422,1.363050115,1.362368325,1.362112017,1.362252718,1.362764271,1.363622618,1.364805602,1.366292791,1.368065322,1.370105762,1.372397977,1.374927025,1.377679046,1.380641175
1.416338984,1.411028576,1.406453751,1.402560226,1.399298562,1.396623663,1.394494333,1.392872883,1.391724784,1.391018359,1.390724511,1.390816475,1.391269598,1.392061153,1.393170153,1.394577203,1.396264357,1.398214987,1.400413677,1.402846114
1.45512704,1.448487438,1.442658742,1.43758111,1.433200041,1.429465821,1.426333035,1.423760135,1.421709056,1.42014488,1.419035527,1.418351491,1.418065599,1.418152791,1.418589936,1.419355651,1.420430151,1.421795107,1.423433525,1.425329624
1.494361491,1.486377397,1.4792804,1.473005034,1.467491677,1.462685944,1.458538154,1.455002854,1.452038404,1.449606604,1.44767236,1.446203396,1.445169982,1.444544707,1.444302264,1.444419263,1.444874058,1.445646601,1.446718297,1.448071887
1.534013007,1.52467013,1.516291349,1.508805517,1.502147835,1.4962592,1.491085616,1.486577686,1.482690156,1.479381509,1.476613606,1.474351368,1.472562487,1.471217171,1.470287917,1.469749303,1.469577807,1.469751638,1.470250589,1.471055902
1.574056133,1.563341054,1.55366783,1.544959576,1.537146269,1.530164036,1.523954527,1.518464361,1.513644634,1.50945048,1.505840685,1.502777339,1.500225529,1.49815306,1.496530211,1.49532951,1.494525537,1.494094744,1.494015293,1.494266914
1.614468555,1.602368618,1.591389013,1.581447064,1.572467473,1.564381556,1.557126569,1.550645108,1.544884587,1.53979676,1.535337308,1.531465466,1.528143691,1.525337364,1.523014524,1.521145629,1.519703346,1.518662352,1.517999166,1.517691989
1.655230536,1.641733762,1.629436477,1.618250162,1.608094199,1.598895052,1.590585542,1.583104213,1.576394759,1.570405529,1.565089071,1.56040174,1.55630334,1.552756807,1.54972792,1.547185052,1.545098938,1.543442465,1.542190494,1.541319685
1.696324488,1.681419502,1.667793805,1.655352989,1.644011074,1.63368963,1.624317011,1.615827669,1.608161556,1.60126358,1.595083137,1.589573675,1.584692326,1.580399557,1.576658874,1.573436545,1.570701355,1.568424391,1.56657884,1.565139809
1.737734634,1.7214106,1.706446269,1.6927413,1.680204308,1.668751932,1.658308022,1.648802913,1.640172778,1.632359066,1.625307989,1.618970071,1.613299747,1.608255002,1.603797046,1.599890026,1.596500768,1.593598538,1.591154839,1.589143215
,,,,,,,,,,,,,,,,,,,
*****************************************************************************************************,,,,,,,,,,,,,,,,,,,
*Table 8: Water FVF [m3/sm3],,,,,,,,,,,,,,,,,,,
*****************************************************************************************************,,,,,,,,,,,,,,,,,,,
1,1,1,1,1.001570814,1.003143441,1.004747724,1.006383599,1.008050989,1.009749803,1.011479938,1.01324128,1.015033697,1.016857049,1.01871118,1.020595921,1.022511093,1.024456499,1.026431933,1.028437175
1,1,1,1,1.001520537,1.003090853,1.004692919,1.006326674,1.007992039,1.009688925,1.01141723,1.013176837,1.014967617,1.01678943,1.01864212,1.020525519,1.022439446,1.024383707,1.026358097,1.028362393
1,1,1,1,1.001470136,1.003038169,1.004638048,1.006269709,1.007933076,1.009628059,1.011354556,1.013112451,1.014901616,1.016721909,1.018573176,1.02045525,1.022367949,1.024311081,1.026284438,1.028287803
1,1,1,1,1.001419611,1.002985391,1.004583111,1.006212706,1.0078741,1.009567205,1.011291918,1.013048123,1.014835693,1.016654487,1.01850435,1.020385115,1.022296603,1.024238619,1.026210959,1.028213402
1,1,1,1,1.001368962,1.002932519,1.004528107,1.006155663,1.007815111,1.009506363,1.011229315,1.012983853,1.014769849,1.016587163,1.018435641,1.020315115,1.022225406,1.024166322,1.026137657,1.028139193
1,1,1,1,1.001318188,1.002879552,1.004473037,1.006098582,1.00775611,1.009445532,1.011166747,1.01291964,1.014704084,1.016519938,1.018367048,1.020245249,1.02215436,1.02409419,1.026064534,1.028065174
1,1,1,1,1.00126729,1.00282649,1.004417901,1.006041462,1.007697095,1.009384714,1.011104215,1.012855485,1.014638397,1.016452811,1.018298572,1.020175517,1.022083464,1.024022224,1.02599159,1.027991346
1,1,1,1,1.001216267,1.002773333,1.004362699,1.005984303,1.007638068,1.009323907,1.011041718,1.012791388,1.014572789,1.016385782,1.018230214,1.020105919,1.022012719,1.023950422,1.025918824,1.027917708
1,1,1,1,1.001165121,1.002720082,1.004307431,1.005927105,1.007579027,1.009263112,1.010979257,1.012727348,1.01450726,1.016318852,1.018161972,1.020036455,1.021942123,1.023878785,1.025846236,1.027844261
1,1,1,1,1.00111385,1.002666737,1.004252097,1.005869867,1.007519974,1.009202329,1.010916831,1.012663366,1.014441809,1.01625202,1.018093848,1.019967126,1.021871678,1.023807313,1.025773827,1.027771005
1,1,1,1,1.001062454,1.002613296,1.004196696,1.005812592,1.007460908,1.009141557,1.01085444,1.012599442,1.014376437,1.016185287,1.01802584,1.019897931,1.021801383,1.023736006,1.025701597,1.027697939
1,1,1,1,1.001010934,1.002559761,1.004141229,1.005755277,1.007401829,1.009080798,1.010792085,1.012535575,1.014311144,1.016118652,1.017957949,1.01982887,1.021731239,1.023664864,1.025629545,1.027625065
1,1,1,1,1.00095929,1.002506131,1.004085696,1.005697923,1.007342737,1.009020051,1.010729765,1.012471766,1.014245929,1.016052116,1.017890176,1.019759944,1.021661244,1.023593887,1.025557671,1.027552381
1,1,1,1,1.000907521,1.002452407,1.004030097,1.00564053,1.007283632,1.008959315,1.01066748,1.012408015,1.014180794,1.015985679,1.017822519,1.019691152,1.0215914,1.023523076,1.025485976,1.027479888
1,1,1,1,1.000855628,1.002398588,1.003974432,1.005583098,1.007224514,1.008898591,1.010605231,1.012344321,1.014115736,1.01591934,1.01775498,1.019622494,1.021521707,1.023452429,1.02541446,1.027407585
1,1,1,1,1.000803611,1.002344674,1.0039187,1.005525627,1.007165383,1.008837879,1.010543017,1.012280685,1.014050758,1.015853099,1.017687558,1.019553971,1.021452164,1.023381948,1.025343123,1.027335474
1,1,1,1,1.000751468,1.002290665,1.003862902,1.005468118,1.007106239,1.008777179,1.010480839,1.012217107,1.013985859,1.015786957,1.017620252,1.019485582,1.021382771,1.023311632,1.025271964,1.027263554
1,1,1,1,1.000699202,1.002236562,1.003807038,1.005410569,1.007047082,1.008716491,1.010418696,1.012153586,1.013921038,1.015720914,1.017553064,1.019417328,1.021313529,1.023241481,1.025200984,1.027191824
1,1,1,1,1.000646811,1.002182364,1.003751107,1.005352981,1.006987912,1.008655814,1.010356588,1.012090124,1.013856296,1.015654969,1.017485993,1.019349208,1.021244437,1.023171495,1.025130182,1.027120286
1,1,1,1,1.000594295,1.002128071,1.003695111,1.005295355,1.00692873,1.00859515,1.010294516,1.012026718,1.013791633,1.015589123,1.017419039,1.019281222,1.021175496,1.023101675,1.025059559,1.027048938
,,,,,,,,,,,,,,,,,,,
*****************************************************************************************************,,,,,,,,,,,,,,,,,,,
*Table 9: Gas Formation Vol Factor [m3/sm3],,,,,,,,,,,,,,,,,,,
*****************************************************************************************************,,,,,,,,,,,,,,,,,,,
0.980491902,0.992395643,1.00429811,1.016199363,1.02809946,1.039998451,1.051896387,1.063793314,1.075689277,1.087584316,1.099478472,1.111371782,1.123264279,1.135155998,1.14704697,1.158937224,1.170826789,1.182715692,1.194603957,1.206491609
0.158559636,0.160532976,0.162505006,0.164475789,0.166445384,0.168413845,0.170381226,0.172347574,0.174312935,0.176277353,0.178240869,0.180203521,0.182165345,0.184126376,0.186086647,0.188046187,0.190005026,0.191963191,0.19392071,0.195877606
0.085676392,0.086769404,0.08786107,0.088951455,0.090040621,0.091128626,0.092215524,0.093301367,0.094386201,0.095470073,0.096553023,0.097635094,0.09871632,0.09979674,0.100876385,0.101955289,0.10303348,0.104110987,0.105187838,0.106264058
0.058429737,0.059193776,0.059956432,0.060717774,0.061477868,0.062236773,0.062994546,0.06375124,0.064506905,0.065261588,0.066015333,0.066768181,0.067520171,0.06827134,0.069021722,0.069771351,0.070520256,0.071268469,0.072016016,0.072762923
0.044180924,0.044772995,0.045363648,0.045952954,0.046540983,0.047127796,0.047713452,0.048298008,0.048881515,0.04946402,0.050045571,0.05062621,0.051205976,0.051784909,0.052363043,0.052940412,0.053517049,0.054092984,0.054668244,0.055242857
0.035423887,0.035910304,0.036395267,0.036878852,0.037361131,0.037842168,0.038322026,0.038800762,0.03927843,0.039755079,0.040230757,0.040705508,0.041179374,0.041652394,0.042124605,0.04259604,0.043066735,0.043536718,0.044006019,0.044474666
0.029499395,0.029914336,0.03032779,0.030739837,0.031150549,0.031559996,0.031968241,0.032375344,0.032781361,0.033186342,0.033590338,0.033993394,0.034395552,0.034796853,0.035197334,0.035597032,0.035995979,0.036394208,0.036791748,0.037188627
0.025226678,0.025590053,0.025951909,0.02631233,0.02667139,0.027029162,0.027385712,0.027741101,0.028095387,0.028448623,0.028800859,0.029152143,0.029502518,0.029852026,0.030200706,0.030548593,0.030895723,0.031242127,0.031587836,0.031932879
0.022001336,0.022325748,0.022648612,0.022970013,0.023290031,0.023608739,0.023926207,0.024242496,0.024557667,0.024871775,0.025184871,0.025497003,0.025808217,0.026118555,0.026428057,0.026736759,0.027044697,0.027351903,0.02765841,0.027964245
0.019481912,0.019775835,0.020068182,0.020359042,0.020648498,0.020936626,0.021223495,0.021509172,0.02179372,0.02207719,0.022359638,0.022641113,0.022921661,0.023201325,0.023480146,0.023758162,0.024035409,0.024311919,0.024587725,0.024862856
0.017460926,0.017730321,0.017998119,0.018264408,0.018529274,0.018792795,0.019055044,0.019316087,0.019575988,0.019834803,0.020092587,0.020349391,0.02060526,0.02086024,0.021114371,0.021367692,0.021620239,0.021872047,0.022123147,0.022373569
0.015805037,0.016054252,0.016301849,0.016547921,0.016792555,0.017035831,0.017277823,0.017518599,0.017758223,0.017996754,0.018234246,0.018470752,0.018706319,0.018940992,0.019174811,0.019407818,0.019640047,0.019871534,0.020102312,0.02033241
0.014424633,0.014656932,0.014887595,0.015116721,0.015344396,0.015570703,0.015795717,0.016019508,0.016242141,0.016463674,0.016684165,0.016903664,0.017122221,0.017339881,0.017556685,0.017772674,0.017987885,0.018202351,0.018416107,0.018629183
0.013257272,0.013475158,0.013691398,0.01390609,0.014119324,0.014331184,0.014541745,0.014751078,0.014959248,0.015166316,0.015372339,0.015577368,0.015781454,0.01598464,0.016186971,0.016388485,0.01658922,0.016789212,0.016988493,0.017187094
0.012258099,0.012463533,0.012667315,0.012869544,0.013070312,0.013269702,0.013467791,0.01366465,0.013860346,0.014054939,0.014248486,0.01444104,0.01463265,0.014823361,0.015013217,0.015202258,0.015390521,0.015578042,0.015764853,0.015950985
0.011394062,0.011588602,0.011781491,0.011972827,0.012162703,0.012351202,0.012538401,0.012724372,0.012909181,0.01309289,0.013275554,0.013457227,0.013637959,0.013817795,0.013996778,0.014174947,0.014352342,0.014528996,0.014704943,0.014880214
0.010640262,0.010825167,0.011008426,0.011190138,0.011370395,0.01154928,0.011726871,0.011903238,0.012078448,0.012252562,0.012425637,0.012597725,0.012768875,0.012939134,0.013108544,0.013277145,0.013444974,0.013612067,0.013778456,0.013944173
0.009977584,0.01015388,0.010328542,0.010501668,0.010673349,0.010843667,0.0110127,0.011180518,0.011347186,0.011512766,0.011677314,0.011840881,0.012003517,0.012165268,0.012326175,0.012486279,0.012645617,0.012804223,0.012962131,0.013119371
0.009391104,0.009559638,0.009726556,0.009891954,0.010055923,0.010218542,0.010379889,0.010540032,0.010699037,0.010856964,0.011013867,0.0111698,0.011324809,0.011478941,0.011632237,0.011784737,0.011936478,0.012087493,0.012237816,0.012387477
0.008868994,0.009030472,0.009190358,0.009348746,0.009505724,0.009661371,0.009815762,0.009968965,0.010121043,0.010272056,0.010422057,0.010571099,0.010719229,0.01086649,0.011012925,0.011158572,0.011303468,0.011447646,0.011591139,0.011733977
,,,,,,,,,,,,,,,,,,,
*****************************************************************************************************,,,,,,,,,,,,,,,,,,,
*Table 10: Sol GOR [sm3/sm3],,,,,,,,,,,,,,,,,,,
*****************************************************************************************************,,,,,,,,,,,,,,,,,,,
1.294095003,1.249748797,1.2079156,1.168409962,1.131062981,1.095720594,1.062242059,1.030498618,1.00037231,0.971754917,0.944547028,0.918657204,0.894001231,0.870501454,0.848086183,0.826689155,0.806249055,0.786709086,0.768016574,0.750122623
10.2289026,9.878377311,9.547715578,9.235451544,8.940250169,8.660893683,8.396269623,8.145360247,7.907233159,7.681032977,7.465973927,7.261333241,7.06644527,6.880696211,6.703519401,6.53439108,6.372826601,6.218377008,6.070625965,5.929186981
20.45382227,19.75290818,19.09171346,18.46730698,17.87701918,17.31841498,16.7892699,16.28754885,15.8113874,15.35907511,14.92904075,14.51983906,14.130139,13.75871321,13.40442858,13.0662378,12.74317175,12.4343327,12.13888815,11.85606525
31.37351587,30.29840437,29.28421727,28.32645855,27.42103346,26.56420693,25.75256687,24.98299172,24.25262168,23.55883318,22.89921613,22.27155371,21.67380426,21.10408518,20.56065841,20.04191752,19.54637602,19.07265689,18.61948319,18.18566948
42.78808771,41.32182027,39.93864322,38.63242482,37.39758049,36.22901625,35.12207859,34.07251024,33.07641094,32.13020257,31.2305982,30.37457445,29.55934686,28.78234787,28.04120708,27.33373359,26.65790009,26.01182856,25.39377745,24.80213005
54.5918923,52.72113063,50.95638123,49.28982078,47.71432415,46.22339205,44.81108725,43.47197805,42.20108821,40.99385255,39.84607738,38.75390525,37.71378359,36.72243653,35.77683975,34.87419795,34.01192454,33.18762346,32.39907269,31.64420952
66.71863051,64.43230829,62.27554731,60.23878643,58.31331776,56.49119833,54.76517203,53.12860058,51.57540237,50.09999812,48.69726257,47.36248143,46.09131296,44.87975359,43.72410722,42.62095761,41.5671436,40.55973687,39.59602184,38.67347758
79.12248435,76.41110534,73.85337468,71.43795368,69.15451556,66.99364063,64.94672378,63.00589259,61.16393481,59.41423388,57.7507117,56.16777753,54.66028244,53.22347856,51.85298263,50.54474328,49.29501166,48.10031502,46.95743294,45.86337581
91.76974438,88.62496751,85.65839877,82.85688704,80.20845487,77.7021769,75.32807252,73.07701098,70.94062716,68.91124691,66.98182058,65.14586377,63.39740452,61.73093606,60.14137448,58.62402082,57.17452701,55.78886521,54.4633002,53.19436452
104.6344899,101.0488623,97.66642503,94.47218327,91.45248052,88.59485986,85.88794157,83.32131486,80.88544199,78.57157299,76.37166994,74.27833945,72.28477237,70.38468995,68.57229561,66.84223167,65.18954051,63.60962964,62.09824024,60.65141877
117.6961223,113.6628972,109.8582267,106.2652444,102.868589,99.65424856,96.60942283,93.72240144,90.98245602,88.37974434,85.9052251,83.55058198,81.30815584,79.17088416,77.13224675,75.18621712,73.3272188,71.55008601,69.8500283,68.22259859
130.9378495,126.4508552,122.2181298,118.2209091,114.4421036,110.8661249,107.4787327,104.266899,101.2186884,98.32315148,95.57022963,92.95067088,90.4559544,88.07822307,85.81022312,83.64525006,81.5771,79.60002598,77.70869858,75.8981704
144.3457005,139.3992443,134.7330938,130.3265633,126.1608135,122.2186597,118.4844032,114.9436823,111.5833393,108.3913034,105.3564863,102.4686884,99.71851648,97.09730882,94.59706888,92.21040563,89.93047992,87.75095631,85.66595966,83.67003594
157.9078565,152.4966506,147.3920869,142.5715361,138.0143888,133.7018456,129.6167331,125.7433399,122.0672722,118.5753252,115.2553685,112.0962445,109.0876772,106.2201912,103.4850385,100.8741337,98.37999513,95.99569203,93.71479727,91.53134439
171.6141793,165.7332835,160.1856462,154.946674,149.9939685,145.3070988,140.8674006,136.6577988,132.6626503,128.867604,125.2594768,121.8261424,118.5564329,115.4400505,112.467488,109.629958,106.9193294,104.32807,101.8491947,99.4762192
185.45587,179.1006455,173.1055586,167.4440326,162.0918624,157.0269691,152.2291831,147.6800523,143.3626716,139.2615326,135.3623887,131.6521357,128.118705,124.7509681,121.5386509,118.4722575,115.5430008,112.7427411,110.06393,107.4995601
199.4252147,192.5912869,186.144624,180.0566472,174.3013282,168.8549251,163.6957489,158.8039577,154.1613731,149.7513184,145.558474,141.5687486,137.7691645,134.1477549,130.693472,127.3961044,124.2462034,121.2350159,118.3544251,115.5968957
213.5153914,206.1986198,199.2964747,192.7783584,186.6164034,180.7851904,175.2614982,170.0240826,165.0534812,160.3318387,155.8427534,151.5711381,147.5030985,143.625822,139.9274804,136.3971409,133.0246869,129.8007472,126.7166313,123.7642715
227.7203207,219.9167728,212.5554361,205.6036771,199.0317745,192.8126177,186.9214407,181.335586,176.0342962,170.9985285,166.2107895,161.6549887,157.3163071,153.18108,149.2366921,145.4714832,141.8746638,138.4362391,135.1469405,131.9981638
242.0345483,233.7404787,225.9164172,218.5276788,211.5426743,204.9325888,198.6710994,192.7341245,187.099602,181.7472919,176.6586013,171.8164284,167.2050224,162.8098599,158.6175324,154.615647,150.7927358,147.1381759,143.6421159,140.2954108
,,,,,,,,,,,,,,,,,,,
*****************************************************************************************************,,,,,,,,,,,,,,,,,,,
*Table 11: Vaporized CGR [sm3/sm3],,,,,,,,,,,,,,,,,,,
*****************************************************************************************************,,,,,,,,,,,,,,,,,,,
0,0,0,0,0,0,0,0,0,0,0,0,0,0,0,0,0,0,0,0
0,0,0,0,0,0,0,0,0,0,0,0,0,0,0,0,0,0,0,0
0,0,0,0,0,0,0,0,0,0,0,0,0,0,0,0,0,0,0,0
0,0,0,0,0,0,0,0,0,0,0,0,0,0,0,0,0,0,0,0
0,0,0,0,0,0,0,0,0,0,0,0,0,0,0,0,0,0,0,0
0,0,0,0,0,0,0,0,0,0,0,0,0,0,0,0,0,0,0,0
0,0,0,0,0,0,0,0,0,0,0,0,0,0,0,0,0,0,0,0
0,0,0,0,0,0,0,0,0,0,0,0,0,0,0,0,0,0,0,0
0,0,0,0,0,0,0,0,0,0,0,0,0,0,0,0,0,0,0,0
0,0,0,0,0,0,0,0,1.00E-09,1.00E-09,1.00E-09,1.00E-09,1.00E-09,1.00E-09,1.00E-09,1.00E-09,1.00E-09,1.00E-09,1.00E-09,1.00E-09
0,0,1.00E-09,1.00E-09,1.00E-09,1.00E-09,1.00E-09,1.00E-09,1.00E-09,1.00E-09,1.00E-09,1.00E-09,2.00E-09,2.00E-09,2.00E-09,2.00E-09,2.00E-09,2.00E-09,2.00E-09,2.00E-09
1.00E-09,1.00E-09,1.00E-09,1.00E-09,1.00E-09,2.00E-09,2.00E-09,2.00E-09,2.00E-09,2.00E-09,2.00E-09,3.00E-09,3.00E-09,3.00E-09,3.00E-09,3.00E-09,4.00E-09,4.00E-09,4.00E-09,4.00E-09
2.00E-09,2.00E-09,2.00E-09,2.00E-09,3.00E-09,3.00E-09,3.00E-09,3.00E-09,4.00E-09,4.00E-09,4.00E-09,5.00E-09,5.00E-09,5.00E-09,6.00E-09,6.00E-09,6.00E-09,7.00E-09,7.00E-09,8.00E-09
3.00E-09,3.00E-09,3.00E-09,4.00E-09,4.00E-09,5.00E-09,5.00E-09,6.00E-09,6.00E-09,7.00E-09,7.00E-09,8.00E-09,8.00E-09,9.00E-09,9.00E-09,1.00E-08,1.10E-08,1.10E-08,1.20E-08,1.30E-08
4.00E-09,5.00E-09,5.00E-09,6.00E-09,7.00E-09,7.00E-09,8.00E-09,9.00E-09,1.00E-08,1.10E-08,1.10E-08,1.20E-08,1.30E-08,1.40E-08,1.50E-08,1.60E-08,1.70E-08,1.80E-08,1.90E-08,2.00E-08
7.00E-09,8.00E-09,9.00E-09,1.00E-08,1.10E-08,1.20E-08,1.30E-08,1.40E-08,1.50E-08,1.60E-08,1.80E-08,1.90E-08,2.00E-08,2.20E-08,2.30E-08,2.50E-08,2.70E-08,2.80E-08,3.00E-08,3.20E-08
1.00E-08,1.20E-08,1.30E-08,1.40E-08,1.60E-08,1.80E-08,1.90E-08,2.10E-08,2.30E-08,2.50E-08,2.70E-08,2.90E-08,3.10E-08,3.30E-08,3.50E-08,3.80E-08,4.00E-08,4.30E-08,4.50E-08,4.80E-08
1.50E-08,1.70E-08,1.90E-08,2.10E-08,2.40E-08,2.60E-08,2.90E-08,3.10E-08,3.40E-08,3.70E-08,4.00E-08,4.30E-08,4.60E-08,4.90E-08,5.20E-08,5.60E-08,5.90E-08,6.30E-08,6.70E-08,7.10E-08
2.20E-08,2.50E-08,2.80E-08,3.10E-08,3.40E-08,3.80E-08,4.10E-08,4.50E-08,4.90E-08,5.30E-08,5.70E-08,6.20E-08,6.60E-08,7.10E-08,7.60E-08,8.10E-08,8.60E-08,9.10E-08,9.70E-08,1.02E-07
3.10E-08,3.50E-08,3.90E-08,4.40E-08,4.90E-08,5.40E-08,5.90E-08,6.40E-08,7.00E-08,7.50E-08,8.10E-08,8.80E-08,9.40E-08,1.01E-07,1.08E-07,1.15E-07,1.22E-07,1.29E-07,1.37E-07,1.45E-07
,,,,,,,,,,,,,,,,,,,
*****************************************************************************************************,,,,,,,,,,,,,,,,,,,
*Table 12: Oil Formation Vol Factor [m3/sm3],,,,,,,,,,,,,,,,,,,
*****************************************************************************************************,,,,,,,,,,,,,,,,,,,
1.041287888,1.048829776,1.056378934,1.063934826,1.071496963,1.079064899,1.086638227,1.094216574,1.1017996,1.109386991,1.116978459,1.124573741,1.132172592,1.139774787,1.147380121,1.154988399,1.162599447,1.170213098,1.177829201,1.185447614
1.067135715,1.073791847,1.080505443,1.087272262,1.094088442,1.100950461,1.1078551,1.114799414,1.121780707,1.128796503,1.13584453,1.142922697,1.150029078,1.157161897,1.164319515,1.171500416,1.1787032,1.185926566,1.193169311,1.200430316
1.096715754,1.102358234,1.108115619,1.11397943,1.119941944,1.125996117,1.132135513,1.138354245,1.14464692,1.151008588,1.157434706,1.16392109,1.170463892,1.17705956,1.183704817,1.190396631,1.197132201,1.203908929,1.210724406,1.217576396
1.12830573,1.13286568,1.137601881,1.142501325,1.147552167,1.152743602,1.158065758,1.163509606,1.169066871,1.174729965,1.180491914,1.186346306,1.192287234,1.198309252,1.204407332,1.210576827,1.216813436,1.223113176,1.229472353,1.235887537
1.161327357,1.164755718,1.168424454,1.172315827,1.17641368,1.180703278,1.185171157,1.189805002,1.19459353,1.199526388,1.20459407,1.209787827,1.215099605,1.220521975,1.226048081,1.231671585,1.237386621,1.243187756,1.249069953,1.255028534
1.195475009,1.197733194,1.200298066,1.203146992,1.206259361,1.209616368,1.21320084,1.216997062,1.220990638,1.225168361,1.2295181,1.234028695,1.238689869,1.243492144,1.248426772,1.253485666,1.258661344,1.263946873,1.269335825,1.274822233
1.230556888,1.231612883,1.23304369,1.23482165,1.236921572,1.239320476,1.241997371,1.244933054,1.24810993,1.251511859,1.255124013,1.258932756,1.262925526,1.267090741,1.271417709,1.275896547,1.28051811,1.285273925,1.290156139,1.295157456
1.266440444,1.266266777,1.266537605,1.267220126,1.268284464,1.26970337,1.27145195,1.273507428,1.275848941,1.278457347,1.281315063,1.284405915,1.287715007,1.291228604,1.294934026,1.298819553,1.302874338,1.307088336,1.31145223,1.315957372
1.303028159,1.3016007,1.300688785,1.30025437,1.300262804,1.300682481,1.301484528,1.30264253,1.304132287,1.305931599,1.308020071,1.310378945,1.312990943,1.315840135,1.318911814,1.322192386,1.325669272,1.32933082,1.333166225,1.337165454
1.340245046,1.337542234,1.335427238,1.33385668,1.332791052,1.332194317,1.332033554,1.332278646,1.332902001,1.333878305,1.335184305,1.336798613,1.33870153,1.340874892,1.34330193,1.345967145,1.348856194,1.351955792,1.355253618,1.358738235
1.378031514,1.37403383,1.370697341,1.367973252,1.365817124,1.364188422,1.363050115,1.362368325,1.362112017,1.362252718,1.362764271,1.363622618,1.364805602,1.366292791,1.368065322,1.370105762,1.372397977,1.374927025,1.377679046,1.380641175
1.416338984,1.411028576,1.406453751,1.402560226,1.399298562,1.396623663,1.394494333,1.392872883,1.391724784,1.391018359,1.390724511,1.390816475,1.391269598,1.392061153,1.393170153,1.394577203,1.396264357,1.398214987,1.400413677,1.402846114
1.45512704,1.448487438,1.442658742,1.43758111,1.433200041,1.429465821,1.426333035,1.423760135,1.421709056,1.42014488,1.419035527,1.418351491,1.418065599,1.418152791,1.418589936,1.419355651,1.420430151,1.421795107,1.423433525,1.425329624
1.494361491,1.486377397,1.4792804,1.473005034,1.467491677,1.462685944,1.458538154,1.455002854,1.452038404,1.449606604,1.44767236,1.446203396,1.445169982,1.444544707,1.444302264,1.444419263,1.444874058,1.445646601,1.446718297,1.448071887
1.534013007,1.52467013,1.516291349,1.508805517,1.502147835,1.4962592,1.491085616,1.486577686,1.482690156,1.479381509,1.476613606,1.474351368,1.472562487,1.471217171,1.470287917,1.469749303,1.469577807,1.469751638,1.470250589,1.471055902
1.574056133,1.563341054,1.55366783,1.544959576,1.537146269,1.530164036,1.523954527,1.518464361,1.513644634,1.50945048,1.505840685,1.502777339,1.500225529,1.49815306,1.496530211,1.49532951,1.494525537,1.494094744,1.494015293,1.494266914
1.614468555,1.602368618,1.591389013,1.581447064,1.572467473,1.564381556,1.557126569,1.550645108,1.544884587,1.53979676,1.535337308,1.531465466,1.528143691,1.525337364,1.523014524,1.521145629,1.519703346,1.518662352,1.517999166,1.517691989
1.655230536,1.641733762,1.629436477,1.618250162,1.608094199,1.598895052,1.590585542,1.583104213,1.576394759,1.570405529,1.565089071,1.56040174,1.55630334,1.552756807,1.54972792,1.547185052,1.545098938,1.543442465,1.542190494,1.541319685
1.696324488,1.681419502,1.667793805,1.655352989,1.644011074,1.63368963,1.624317011,1.615827669,1.608161556,1.60126358,1.595083137,1.589573675,1.584692326,1.580399557,1.576658874,1.573436545,1.570701355,1.568424391,1.56657884,1.565139809
1.737734634,1.7214106,1.706446269,1.6927413,1.680204308,1.668751932,1.658308022,1.648802913,1.640172778,1.632359066,1.625307989,1.618970071,1.613299747,1.608255002,1.603797046,1.599890026,1.596500768,1.593598538,1.591154839,1.589143215
,,,,,,,,,,,,,,,,,,,
*****************************************************************************************************,,,,,,,,,,,,,,,,,,,
*Table 13: Water FVF [m3/sm3],,,,,,,,,,,,,,,,,,,
*****************************************************************************************************,,,,,,,,,,,,,,,,,,,
1,1,1,1,1.001570814,1.003143441,1.004747724,1.006383599,1.008050989,1.009749803,1.011479938,1.01324128,1.015033697,1.016857049,1.01871118,1.020595921,1.022511093,1.024456499,1.026431933,1.028437175
1,1,1,1,1.001520537,1.003090853,1.004692919,1.006326674,1.007992039,1.009688925,1.01141723,1.013176837,1.014967617,1.01678943,1.01864212,1.020525519,1.022439446,1.024383707,1.026358097,1.028362393
1,1,1,1,1.001470136,1.003038169,1.004638048,1.006269709,1.007933076,1.009628059,1.011354556,1.013112451,1.014901616,1.016721909,1.018573176,1.02045525,1.022367949,1.024311081,1.026284438,1.028287803
1,1,1,1,1.001419611,1.002985391,1.004583111,1.006212706,1.0078741,1.009567205,1.011291918,1.013048123,1.014835693,1.016654487,1.01850435,1.020385115,1.022296603,1.024238619,1.026210959,1.028213402
1,1,1,1,1.001368962,1.002932519,1.004528107,1.006155663,1.007815111,1.009506363,1.011229315,1.012983853,1.014769849,1.016587163,1.018435641,1.020315115,1.022225406,1.024166322,1.026137657,1.028139193
1,1,1,1,1.001318188,1.002879552,1.004473037,1.006098582,1.00775611,1.009445532,1.011166747,1.01291964,1.014704084,1.016519938,1.018367048,1.020245249,1.02215436,1.02409419,1.026064534,1.028065174
1,1,1,1,1.00126729,1.00282649,1.004417901,1.006041462,1.007697095,1.009384714,1.011104215,1.012855485,1.014638397,1.016452811,1.018298572,1.020175517,1.022083464,1.024022224,1.02599159,1.027991346
1,1,1,1,1.001216267,1.002773333,1.004362699,1.005984303,1.007638068,1.009323907,1.011041718,1.012791388,1.014572789,1.016385782,1.018230214,1.020105919,1.022012719,1.023950422,1.025918824,1.027917708
1,1,1,1,1.001165121,1.002720082,1.004307431,1.005927105,1.007579027,1.009263112,1.010979257,1.012727348,1.01450726,1.016318852,1.018161972,1.020036455,1.021942123,1.023878785,1.025846236,1.027844261
1,1,1,1,1.00111385,1.002666737,1.004252097,1.005869867,1.007519974,1.009202329,1.010916831,1.012663366,1.014441809,1.01625202,1.018093848,1.019967126,1.021871678,1.023807313,1.025773827,1.027771005
1,1,1,1,1.001062454,1.002613296,1.004196696,1.005812592,1.007460908,1.009141557,1.01085444,1.012599442,1.014376437,1.016185287,1.01802584,1.019897931,1.021801383,1.023736006,1.025701597,1.027697939
1,1,1,1,1.001010934,1.002559761,1.004141229,1.005755277,1.007401829,1.009080798,1.010792085,1.012535575,1.014311144,1.016118652,1.017957949,1.01982887,1.021731239,1.023664864,1.025629545,1.027625065
1,1,1,1,1.00095929,1.002506131,1.004085696,1.005697923,1.007342737,1.009020051,1.010729765,1.012471766,1.014245929,1.016052116,1.017890176,1.019759944,1.021661244,1.023593887,1.025557671,1.027552381
1,1,1,1,1.000907521,1.002452407,1.004030097,1.00564053,1.007283632,1.008959315,1.01066748,1.012408015,1.014180794,1.015985679,1.017822519,1.019691152,1.0215914,1.023523076,1.025485976,1.027479888
1,1,1,1,1.000855628,1.002398588,1.003974432,1.005583098,1.007224514,1.008898591,1.010605231,1.012344321,1.014115736,1.01591934,1.01775498,1.019622494,1.021521707,1.023452429,1.02541446,1.027407585
1,1,1,1,1.000803611,1.002344674,1.0039187,1.005525627,1.007165383,1.008837879,1.010543017,1.012280685,1.014050758,1.015853099,1.017687558,1.019553971,1.021452164,1.023381948,1.025343123,1.027335474
1,1,1,1,1.000751468,1.002290665,1.003862902,1.005468118,1.007106239,1.008777179,1.010480839,1.012217107,1.013985859,1.015786957,1.017620252,1.019485582,1.021382771,1.023311632,1.025271964,1.027263554
1,1,1,1,1.000699202,1.002236562,1.003807038,1.005410569,1.007047082,1.008716491,1.010418696,1.012153586,1.013921038,1.015720914,1.017553064,1.019417328,1.021313529,1.023241481,1.025200984,1.027191824
1,1,1,1,1.000646811,1.002182364,1.003751107,1.005352981,1.006987912,1.008655814,1.010356588,1.012090124,1.013856296,1.015654969,1.017485993,1.019349208,1.021244437,1.023171495,1.025130182,1.027120286
1,1,1,1,1.000594295,1.002128071,1.003695111,1.005295355,1.00692873,1.00859515,1.010294516,1.012026718,1.013791633,1.015589123,1.017419039,1.019281222,1.021175496,1.023101675,1.025059559,1.027048938
,,,,,,,,,,,,,,,,,,,
*****************************************************************************************************,,,,,,,,,,,,,,,,,,,
*Table 14: Gas Formation Vol Factor [m3/sm3],,,,,,,,,,,,,,,,,,,
*****************************************************************************************************,,,,,,,,,,,,,,,,,,,
0.980491902,0.992395643,1.00429811,1.016199363,1.02809946,1.039998451,1.051896387,1.063793314,1.075689277,1.087584316,1.099478472,1.111371782,1.123264279,1.135155998,1.14704697,1.158937224,1.170826789,1.182715692,1.194603957,1.206491609
0.158559636,0.160532976,0.162505006,0.164475789,0.166445384,0.168413845,0.170381226,0.172347574,0.174312935,0.176277353,0.178240869,0.180203521,0.182165345,0.184126376,0.186086647,0.188046187,0.190005026,0.191963191,0.19392071,0.195877606
0.085676392,0.086769404,0.08786107,0.088951455,0.090040621,0.091128626,0.092215524,0.093301367,0.094386201,0.095470073,0.096553023,0.097635094,0.09871632,0.09979674,0.100876385,0.101955289,0.10303348,0.104110987,0.105187838,0.106264058
0.058429737,0.059193776,0.059956432,0.060717774,0.061477868,0.062236773,0.062994546,0.06375124,0.064506905,0.065261588,0.066015333,0.066768181,0.067520171,0.06827134,0.069021722,0.069771351,0.070520256,0.071268469,0.072016016,0.072762923
0.044180924,0.044772995,0.045363648,0.045952954,0.046540983,0.047127796,0.047713452,0.048298008,0.048881515,0.04946402,0.050045571,0.05062621,0.051205976,0.051784909,0.052363043,0.052940412,0.053517049,0.054092984,0.054668244,0.055242857
0.035423887,0.035910304,0.036395267,0.036878852,0.037361131,0.037842168,0.038322026,0.038800762,0.03927843,0.039755079,0.040230757,0.040705508,0.041179374,0.041652394,0.042124605,0.04259604,0.043066735,0.043536718,0.044006019,0.044474666
0.029499395,0.029914336,0.03032779,0.030739837,0.031150549,0.031559996,0.031968241,0.032375344,0.032781361,0.033186342,0.033590338,0.033993394,0.034395552,0.034796853,0.035197334,0.035597032,0.035995979,0.036394208,0.036791748,0.037188627
0.025226678,0.025590053,0.025951909,0.02631233,0.02667139,0.027029162,0.027385712,0.027741101,0.028095387,0.028448623,0.028800859,0.029152143,0.029502518,0.029852026,0.030200706,0.030548593,0.030895723,0.031242127,0.031587836,0.031932879
0.022001336,0.022325748,0.022648612,0.022970013,0.023290031,0.023608739,0.023926207,0.024242496,0.024557667,0.024871775,0.025184871,0.025497003,0.025808217,0.026118555,0.026428057,0.026736759,0.027044697,0.027351903,0.02765841,0.027964245
0.019481912,0.019775835,0.020068182,0.020359042,0.020648498,0.020936626,0.021223495,0.021509172,0.02179372,0.02207719,0.022359638,0.022641113,0.022921661,0.023201325,0.023480146,0.023758162,0.024035409,0.024311919,0.024587725,0.024862856
0.017460926,0.017730321,0.017998119,0.018264408,0.018529274,0.018792795,0.019055044,0.019316087,0.019575988,0.019834803,0.020092587,0.020349391,0.02060526,0.02086024,0.021114371,0.021367692,0.021620239,0.021872047,0.022123147,0.022373569
0.015805037,0.016054252,0.016301849,0.016547921,0.016792555,0.017035831,0.017277823,0.017518599,0.017758223,0.017996754,0.018234246,0.018470752,0.018706319,0.018940992,0.019174811,0.019407818,0.019640047,0.019871534,0.020102312,0.02033241
0.014424633,0.014656932,0.014887595,0.015116721,0.015344396,0.015570703,0.015795717,0.016019508,0.016242141,0.016463674,0.016684165,0.016903664,0.017122221,0.017339881,0.017556685,0.017772674,0.017987885,0.018202351,0.018416107,0.018629183
0.013257272,0.013475158,0.013691398,0.01390609,0.014119324,0.014331184,0.014541745,0.014751078,0.014959248,0.015166316,0.015372339,0.015577368,0.015781454,0.01598464,0.016186971,0.016388485,0.01658922,0.016789212,0.016988493,0.017187094
0.012258099,0.012463533,0.012667315,0.012869544,0.013070312,0.013269702,0.013467791,0.01366465,0.013860346,0.014054939,0.014248486,0.01444104,0.01463265,0.014823361,0.015013217,0.015202258,0.015390521,0.015578042,0.015764853,0.015950985
0.011394062,0.011588602,0.011781491,0.011972827,0.012162703,0.012351202,0.012538401,0.012724372,0.012909181,0.01309289,0.013275554,0.013457227,0.013637959,0.013817795,0.013996778,0.014174947,0.014352342,0.014528996,0.014704943,0.014880214
0.010640262,0.010825167,0.011008426,0.011190138,0.011370395,0.01154928,0.011726871,0.011903238,0.012078448,0.012252562,0.012425637,0.012597725,0.012768875,0.012939134,0.013108544,0.013277145,0.013444974,0.013612067,0.013778456,0.013944173
0.009977584,0.01015388,0.010328542,0.010501668,0.010673349,0.010843667,0.0110127,0.011180518,0.011347186,0.011512766,0.011677314,0.011840881,0.012003517,0.012165268,0.012326175,0.012486279,0.012645617,0.012804223,0.012962131,0.013119371
0.009391104,0.009559638,0.009726556,0.009891954,0.010055923,0.010218542,0.010379889,0.010540032,0.010699037,0.010856964,0.011013867,0.0111698,0.011324809,0.011478941,0.011632237,0.011784737,0.011936478,0.012087493,0.012237816,0.012387477
0.008868994,0.009030472,0.009190358,0.009348746,0.009505724,0.009661371,0.009815762,0.009968965,0.010121043,0.010272056,0.010422057,0.010571099,0.010719229,0.01086649,0.011012925,0.011158572,0.011303468,0.011447646,0.011591139,0.011733977
,,,,,,,,,,,,,,,,,,,
*****************************************************************************************************,,,,,,,,,,,,,,,,,,,
*Table 15: Sol GOR [sm3/sm3],,,,,,,,,,,,,,,,,,,
*****************************************************************************************************,,,,,,,,,,,,,,,,,,,
1.294095003,1.249748797,1.2079156,1.168409962,1.131062981,1.095720594,1.062242059,1.030498618,1.00037231,0.971754917,0.944547028,0.918657204,0.894001231,0.870501454,0.848086183,0.826689155,0.806249055,0.786709086,0.768016574,0.750122623
10.2289026,9.878377311,9.547715578,9.235451544,8.940250169,8.660893683,8.396269623,8.145360247,7.907233159,7.681032977,7.465973927,7.261333241,7.06644527,6.880696211,6.703519401,6.53439108,6.372826601,6.218377008,6.070625965,5.929186981
20.45382227,19.75290818,19.09171346,18.46730698,17.87701918,17.31841498,16.7892699,16.28754885,15.8113874,15.35907511,14.92904075,14.51983906,14.130139,13.75871321,13.40442858,13.0662378,12.74317175,12.4343327,12.13888815,11.85606525
31.37351587,30.29840437,29.28421727,28.32645855,27.42103346,26.56420693,25.75256687,24.98299172,24.25262168,23.55883318,22.89921613,22.27155371,21.67380426,21.10408518,20.56065841,20.04191752,19.54637602,19.07265689,18.61948319,18.18566948
42.78808771,41.32182027,39.93864322,38.63242482,37.39758049,36.22901625,35.12207859,34.07251024,33.07641094,32.13020257,31.2305982,30.37457445,29.55934686,28.78234787,28.04120708,27.33373359,26.65790009,26.01182856,25.39377745,24.80213005
54.5918923,52.72113063,50.95638123,49.28982078,47.71432415,46.22339205,44.81108725,43.47197805,42.20108821,40.99385255,39.84607738,38.75390525,37.71378359,36.72243653,35.77683975,34.87419795,34.01192454,33.18762346,32.39907269,31.64420952
66.71863051,64.43230829,62.27554731,60.23878643,58.31331776,56.49119833,54.76517203,53.12860058,51.57540237,50.09999812,48.69726257,47.36248143,46.09131296,44.87975359,43.72410722,42.62095761,41.5671436,40.55973687,39.59602184,38.67347758
79.12248435,76.41110534,73.85337468,71.43795368,69.15451556,66.99364063,64.94672378,63.00589259,61.16393481,59.41423388,57.7507117,56.16777753,54.66028244,53.22347856,51.85298263,50.54474328,49.29501166,48.10031502,46.95743294,45.86337581
91.76974438,88.62496751,85.65839877,82.85688704,80.20845487,77.7021769,75.32807252,73.07701098,70.94062716,68.91124691,66.98182058,65.14586377,63.39740452,61.73093606,60.14137448,58.62402082,57.17452701,55.78886521,54.4633002,53.19436452
104.6344899,101.0488623,97.66642503,94.47218327,91.45248052,88.59485986,85.88794157,83.32131486,80.88544199,78.57157299,76.37166994,74.27833945,72.28477237,70.38468995,68.57229561,66.84223167,65.18954051,63.60962964,62.09824024,60.65141877
117.6961223,113.6628972,109.8582267,106.2652444,102.868589,99.65424856,96.60942283,93.72240144,90.98245602,88.37974434,85.9052251,83.55058198,81.30815584,79.17088416,77.13224675,75.18621712,73.3272188,71.55008601,69.8500283,68.22259859
130.9378495,126.4508552,122.2181298,118.2209091,114.4421036,110.8661249,107.4787327,104.266899,101.2186884,98.32315148,95.57022963,92.95067088,90.4559544,88.07822307,85.81022312,83.64525006,81.5771,79.60002598,77.70869858,75.8981704
144.3457005,139.3992443,134.7330938,130.3265633,126.1608135,122.2186597,118.4844032,114.9436823,111.5833393,108.3913034,105.3564863,102.4686884,99.71851648,97.09730882,94.59706888,92.21040563,89.93047992,87.75095631,85.66595966,83.67003594
157.9078565,152.4966506,147.3920869,142.5715361,138.0143888,133.7018456,129.6167331,125.7433399,122.0672722,118.5753252,115.2553685,112.0962445,109.0876772,106.2201912,103.4850385,100.8741337,98.37999513,95.99569203,93.71479727,91.53134439
171.6141793,165.7332835,160.1856462,154.946674,149.9939685,145.3070988,140.8674006,136.6577988,132.6626503,128.867604,125.2594768,121.8261424,118.5564329,115.4400505,112.467488,109.629958,106.9193294,104.32807,101.8491947,99.4762192
185.45587,179.1006455,173.1055586,167.4440326,162.0918624,157.0269691,152.2291831,147.6800523,143.3626716,139.2615326,135.3623887,131.6521357,128.118705,124.7509681,121.5386509,118.4722575,115.5430008,112.7427411,110.06393,107.4995601
199.4252147,192.5912869,186.144624,180.0566472,174.3013282,168.8549251,163.6957489,158.8039577,154.1613731,149.7513184,145.558474,141.5687486,137.7691645,134.1477549,130.693472,127.3961044,124.2462034,121.2350159,118.3544251,115.5968957
213.5153914,206.1986198,199.2964747,192.7783584,186.6164034,180.7851904,175.2614982,170.0240826,165.0534812,160.3318387,155.8427534,151.5711381,147.5030985,143.625822,139.9274804,136.3971409,133.0246869,129.8007472,126.7166313,123.7642715
227.7203207,219.9167728,212.5554361,205.6036771,199.0317745,192.8126177,186.9214407,181.335586,176.0342962,170.9985285,166.2107895,161.6549887,157.3163071,153.18108,149.2366921,145.4714832,141.8746638,138.4362391,135.1469405,131.9981638
242.0345483,233.7404787,225.9164172,218.5276788,211.5426743,204.9325888,198.6710994,192.7341245,187.099602,181.7472919,176.6586013,171.8164284,167.2050224,162.8098599,158.6175324,154.615647,150.7927358,147.1381759,143.6421159,140.2954108
,,,,,,,,,,,,,,,,,,,
*****************************************************************************************************,,,,,,,,,,,,,,,,,,,
*Table 16: Vaporized CGR [sm3/sm3],,,,,,,,,,,,,,,,,,,
*****************************************************************************************************,,,,,,,,,,,,,,,,,,,
0,0,0,0,0,0,0,0,0,0,0,0,0,0,0,0,0,0,0,0
0,0,0,0,0,0,0,0,0,0,0,0,0,0,0,0,0,0,0,0
0,0,0,0,0,0,0,0,0,0,0,0,0,0,0,0,0,0,0,0
0,0,0,0,0,0,0,0,0,0,0,0,0,0,0,0,0,0,0,0
0,0,0,0,0,0,0,0,0,0,0,0,0,0,0,0,0,0,0,0
0,0,0,0,0,0,0,0,0,0,0,0,0,0,0,0,0,0,0,0
0,0,0,0,0,0,0,0,0,0,0,0,0,0,0,0,0,0,0,0
0,0,0,0,0,0,0,0,0,0,0,0,0,0,0,0,0,0,0,0
0,0,0,0,0,0,0,0,0,0,0,0,0,0,0,0,0,0,0,0
0,0,0,0,0,0,0,0,1.00E-09,1.00E-09,1.00E-09,1.00E-09,1.00E-09,1.00E-09,1.00E-09,1.00E-09,1.00E-09,1.00E-09,1.00E-09,1.00E-09
0,0,1.00E-09,1.00E-09,1.00E-09,1.00E-09,1.00E-09,1.00E-09,1.00E-09,1.00E-09,1.00E-09,1.00E-09,2.00E-09,2.00E-09,2.00E-09,2.00E-09,2.00E-09,2.00E-09,2.00E-09,2.00E-09
1.00E-09,1.00E-09,1.00E-09,1.00E-09,1.00E-09,2.00E-09,2.00E-09,2.00E-09,2.00E-09,2.00E-09,2.00E-09,3.00E-09,3.00E-09,3.00E-09,3.00E-09,3.00E-09,4.00E-09,4.00E-09,4.00E-09,4.00E-09
2.00E-09,2.00E-09,2.00E-09,2.00E-09,3.00E-09,3.00E-09,3.00E-09,3.00E-09,4.00E-09,4.00E-09,4.00E-09,5.00E-09,5.00E-09,5.00E-09,6.00E-09,6.00E-09,6.00E-09,7.00E-09,7.00E-09,8.00E-09
3.00E-09,3.00E-09,3.00E-09,4.00E-09,4.00E-09,5.00E-09,5.00E-09,6.00E-09,6.00E-09,7.00E-09,7.00E-09,8.00E-09,8.00E-09,9.00E-09,9.00E-09,1.00E-08,1.10E-08,1.10E-08,1.20E-08,1.30E-08
4.00E-09,5.00E-09,5.00E-09,6.00E-09,7.00E-09,7.00E-09,8.00E-09,9.00E-09,1.00E-08,1.10E-08,1.10E-08,1.20E-08,1.30E-08,1.40E-08,1.50E-08,1.60E-08,1.70E-08,1.80E-08,1.90E-08,2.00E-08
7.00E-09,8.00E-09,9.00E-09,1.00E-08,1.10E-08,1.20E-08,1.30E-08,1.40E-08,1.50E-08,1.60E-08,1.80E-08,1.90E-08,2.00E-08,2.20E-08,2.30E-08,2.50E-08,2.70E-08,2.80E-08,3.00E-08,3.20E-08
1.00E-08,1.20E-08,1.30E-08,1.40E-08,1.60E-08,1.80E-08,1.90E-08,2.10E-08,2.30E-08,2.50E-08,2.70E-08,2.90E-08,3.10E-08,3.30E-08,3.50E-08,3.80E-08,4.00E-08,4.30E-08,4.50E-08,4.80E-08
1.50E-08,1.70E-08,1.90E-08,2.10E-08,2.40E-08,2.60E-08,2.90E-08,3.10E-08,3.40E-08,3.70E-08,4.00E-08,4.30E-08,4.60E-08,4.90E-08,5.20E-08,5.60E-08,5.90E-08,6.30E-08,6.70E-08,7.10E-08
2.20E-08,2.50E-08,2.80E-08,3.10E-08,3.40E-08,3.80E-08,4.10E-08,4.50E-08,4.90E-08,5.30E-08,5.70E-08,6.20E-08,6.60E-08,7.10E-08,7.60E-08,8.10E-08,8.60E-08,9.10E-08,9.70E-08,1.02E-07
3.10E-08,3.50E-08,3.90E-08,4.40E-08,4.90E-08,5.40E-08,5.90E-08,6.40E-08,7.00E-08,7.50E-08,8.10E-08,8.80E-08,9.40E-08,1.01E-07,1.08E-07,1.15E-07,1.22E-07,1.29E-07,1.37E-07,1.45E-07
,,,,,,,,,,,,,,,,,,,
*****************************************************************************************************,,,,,,,,,,,,,,,,,,,
*Table 17: Kappa(Gas Phase) [],,,,,,,,,,,,,,,,,,,
*****************************************************************************************************,,,,,,,,,,,,,,,,,,,
1.339572573,1.33789249,1.336779428,1.335628065,1.334363777,1.333199838,1.332038189,1.331031401,1.330357553,1.329926818,1.329590576,1.329252823,1.3289136,1.328572948,1.328230911,1.327887532,1.327542855,1.327196924,1.326849782,1.326754163
1.346719312,1.345235138,1.343946607,1.342727115,1.341686974,1.340593458,1.339440157,1.338219711,1.336923633,1.335542112,1.334447015,1.333599288,1.332811409,1.331928966,1.331075547,1.330304602,1.329438471,1.3287318,1.328113483,1.327623672
1.359324515,1.357670326,1.356023691,1.354338801,1.352840734,1.351244937,1.349803926,1.348264314,1.347249173,1.346181553,1.345021441,1.3437506,1.342346744,1.340782515,1.339024176,1.338076182,1.337096826,1.335991501,1.334729362,1.333660469
1.377660188,1.375850278,1.37405149,1.372251664,1.370088748,1.36781156,1.365738519,1.363533432,1.36163697,1.35963961,1.35764249,1.355551231,1.354015477,1.35268039,1.35121919,1.349606418,1.347810906,1.345794328,1.343509347,1.342046183
1.393909933,1.391568785,1.389244129,1.386917855,1.384590023,1.382260695,1.380301395,1.378435538,1.376568807,1.374701254,1.372832927,1.37117475,1.369643677,1.367838776,1.365218465,1.362761238,1.360377486,1.358816775,1.357087976,1.355155048
1.410277967,1.407425257,1.404595209,1.40176244,1.398927022,1.396089025,1.39364241,1.391294708,1.388946005,1.386596362,1.384245838,1.382195668,1.380327281,1.378458217,1.376588526,1.374718257,1.372970138,1.371372867,1.369775376,1.368177707
1.427954872,1.424430962,1.42093763,1.417440461,1.413939537,1.410434941,1.407494476,1.404696372,1.40189658,1.399095168,1.396292206,1.393845721,1.391615187,1.389383838,1.387151731,1.384918922,1.382852321,1.380990946,1.379129323,1.377267499
1.445833419,1.441624031,1.437453098,1.43327678,1.42909517,1.424908363,1.421461305,1.418200676,1.414937475,1.41167178,1.40840367,1.405553681,1.40295711,1.400359421,1.397760676,1.395160939,1.392766315,1.390625078,1.388483525,1.386341709
1.464584802,1.459634154,1.454730648,1.449819547,1.444900952,1.439974968,1.435963528,1.432182554,1.42839821,1.424610584,1.420819764,1.417533086,1.414551807,1.411568839,1.408584252,1.405598119,1.402840296,1.400364986,1.397889387,1.395413559
1.483960562,1.478194143,1.472482854,1.466761356,1.461029758,1.455288173,1.450678854,1.446354712,1.442026072,1.437693031,1.433355684,1.429626165,1.426264812,1.422901124,1.419535179,1.416167055,1.413050944,1.410247053,1.407442739,1.404638068
1.503960849,1.49730403,1.490709618,1.484101991,1.477481265,1.47084756,1.465607501,1.460718139,1.45582276,1.45092147,1.446014373,1.441835637,1.438098179,1.434357705,1.4306143,1.426868049,1.423398488,1.42027195,1.417144667,1.414016711
1.524590046,1.517032051,1.50954831,1.502047542,1.494529867,1.486995403,1.481087972,1.475589573,1.47008342,1.464569626,1.459048304,1.454361932,1.45018149,1.445997227,1.441809236,1.437617609,1.433769948,1.430348638,1.42692614,1.423502533
1.545301311,1.536848439,1.528482602,1.520095289,1.511686614,1.503256689,1.49667599,1.490559689,1.484433649,1.478297987,1.472152822,1.466943987,1.462302564,1.45765637,1.453005504,1.448350066,1.444118898,1.440413529,1.43670643,1.432997685
1.566105532,1.556745205,1.547484449,1.5381973,1.528883863,1.51954424,1.512283713,1.505544753,1.498793815,1.492031023,1.485256501,1.479523726,1.4744223,1.469315026,1.464202011,1.459083361,1.454465294,1.450467627,1.446467621,1.442465364
1.588195591,1.577794702,1.567507726,1.557189278,1.54683945,1.536458337,1.528444051,1.521023042,1.513587609,1.506137881,1.498673984,1.492385406,1.486809249,1.481226158,1.475636244,1.470039621,1.465000009,1.460650929,1.456298934,1.451944117
1.610130041,1.598700891,1.587399356,1.576060834,1.564685404,1.553273145,1.544512823,1.536416668,1.528303395,1.520173132,1.51202601,1.505186366,1.499139375,1.49308424,1.487021081,1.480950018,1.475492004,1.470794234,1.466092884,1.461388054
1.63191052,1.619465229,1.60716063,1.59481311,1.582422727,1.569989536,1.560490805,1.551726325,1.542941788,1.534137322,1.525313056,1.517927038,1.511413068,1.504889628,1.498356843,1.491814838,1.48594154,1.480897776,1.475849684,1.470797368
1.653538643,1.640089157,1.626792828,1.613447235,1.600052406,1.58660837,1.576378764,1.566952698,1.557503397,1.548030988,1.538535596,1.530607845,1.523630713,1.51664267,1.509643845,1.502634367,1.496348873,1.49096179,1.485569544,1.480172247
1.675040992,1.660600639,1.646323999,1.631991803,1.617604048,1.603160734,1.592205417,1.582121333,1.572010881,1.561874181,1.551711357,1.543245712,1.535809248,1.528360331,1.520899094,1.51342567,1.506724257,1.50098133,1.495232456,1.489477752
1.696417285,1.680996483,1.665749192,1.650439831,1.635068365,1.619634759,1.607959592,1.597222481,1.586455741,1.57565949,1.564833844,1.555834259,1.547941985,1.540035609,1.532115267,1.524181096,1.517064856,1.510964658,1.504857695,1.498744088
,,,,,,,,,,,,,,,,,,,
*****************************************************************************************************,,,,,,,,,,,,,,,,,,,
*Table 18: Speed of Sound(Oil Phase) [m/s],,,,,,,,,,,,,,,,,,,
*****************************************************************************************************,,,,,,,,,,,,,,,,,,,
0,0,0,0,0,0,0,0,0,0,0,0,0,0,0,0,0,0,0,0
0,0,0,0,0,0,0,0,0,0,0,0,0,0,0,0,0,0,0,0
0,0,0,0,0,0,0,0,0,0,0,0,0,0,0,0,0,0,0,0
0,0,0,0,0,0,0,0,0,0,0,0,0,0,0,0,0,0,0,0
0,0,0,0,0,0,0,0,0,0,0,0,0,0,0,0,0,0,0,0
0,0,0,0,0,0,0,0,0,0,0,0,0,0,0,0,0,0,0,0
0,0,0,0,0,0,0,0,0,0,0,0,0,0,0,0,0,0,0,0
0,0,0,0,0,0,0,0,0,0,0,0,0,0,0,0,0,0,0,0
0,0,0,0,0,0,0,0,0,0,0,0,0,0,0,0,0,0,0,0
0,0,0,0,0,0,0,0,0,0,0,0,0,0,0,0,0,0,0,0
0,0,0,0,0,0,0,0,0,0,0,0,0,0,0,0,0,0,0,0
0,0,0,0,0,0,0,0,0,0,0,0,0,0,0,0,0,0,0,0
0,0,0,0,0,0,0,0,0,0,0,0,0,0,0,0,0,0,0,0
0,0,0,0,0,0,0,0,0,0,0,0,0,0,0,0,0,0,0,0
0,0,0,0,0,0,0,0,0,0,0,0,0,0,0,0,0,0,0,0
0,0,0,0,0,0,0,0,0,0,0,0,0,0,0,0,0,0,0,0
0,0,0,0,0,0,0,0,0,0,0,0,0,0,0,0,0,0,0,0
0,0,0,0,0,0,0,0,0,0,0,0,0,0,0,0,0,0,0,0
0,0,0,0,0,0,0,0,0,0,0,0,0,0,0,0,0,0,0,0
0,0,0,0,0,0,0,0,0,0,0,0,0,0,0,0,0,0,0,0
,,,,,,,,,,,,,,,,,,,
*****************************************************************************************************,,,,,,,,,,,,,,,,,,,
*Table 19: Speed of Sound(Gas Phase) [m/s],,,,,,,,,,,,,,,,,,,
*****************************************************************************************************,,,,,,,,,,,,,,,,,,,
334.7093537,338.5894678,342.7110692,347.0096796,351.4858633,356.1768297,361.0773704,366.2134518,371.6125023,377.2612384,383.1318893,389.1966976,395.4338779,401.8133236,408.2959945,414.8337118,421.3695095,427.8386665,434.1704976,440.3328383
316.310611,318.8787589,321.5216739,324.2302427,327.0239412,329.8808173,332.8061894,335.8054202,338.883843,342.0466679,345.3484576,348.7920139,352.3601875,356.0389165,359.850328,363.8070424,367.889176,372.1350855,376.5372667,381.1020204
314.0779215,316.0764946,318.119127,320.2007737,322.3495925,324.5342401,326.7879963,329.0839623,331.5025732,333.9783564,336.5110498,339.1032815,341.7573338,344.4749207,347.2569074,350.23991,353.321572,356.494914,359.7607705,363.1712217
308.8471341,310.894201,312.9136234,314.905049,335.1241383,334.3713171,334.7289318,335.5100392,336.5914733,337.8458607,339.2456649,340.7564794,342.4471873,344.2666246,346.1698425,348.1521759,350.2098848,352.3394326,354.5368321,356.9498055
308.7317709,310.8457521,312.9263818,314.9729999,316.9868727,318.9691879,320.9642525,322.9416901,324.8915903,326.8148753,328.7124156,330.6104573,332.5002186,369.5725675,365.2266404,363.7052708,363.140257,363.2209448,363.6462073,364.3248506
308.6865081,310.8713318,313.0168988,315.1221459,317.1886788,319.2179966,321.2569035,323.2738195,325.2585372,327.2122053,329.1359042,331.0667229,332.9920966,334.8912222,336.7649466,338.6140712,340.4545659,342.2910286,344.1055272,345.8987067
308.8478721,311.0884168,313.2833665,315.4311241,317.5336698,319.5928451,321.6752464,323.7355141,325.7588008,327.7464933,329.6998922,331.6628091,333.6205109,335.5484666,337.4476838,339.3191138,341.1842399,343.0491781,344.8895482,346.7061073
309.1010521,311.3967239,313.6401649,315.8292539,317.9663715,320.0537229,322.177778,324.2794318,326.3392015,328.3587232,330.3395268,332.3327562,334.3213058,336.2765635,338.1997024,340.0918276,341.9792775,343.8695407,345.732608,347.5693507
309.5250254,311.8708468,314.1575548,316.3823966,318.5481745,320.6574754,322.8163271,324.9522494,327.0412325,329.0851722,331.0858366,333.1044816,335.1205826,337.0997788,339.0434117,340.9527419,342.8570376,344.7647076,346.6424889,348.491369
310.0996717,312.4878403,314.8096223,317.0617086,319.2473391,321.3694956,323.5583246,325.7247354,327.8390569,329.903449,331.9199211,333.96184,336.004563,338.006792,339.9700373,341.8957154,343.8160736,345.7404496,347.6322631,349.4926171
310.8319621,313.2540742,315.6022053,317.8725549,320.0688086,322.1943483,324.4079859,326.6007919,328.7362981,330.8169278,332.8449308,334.9076645,336.9757226,338.9997505,340.9814251,342.9223172,344.8577541,346.7980169,348.7030759,350.5741469
311.7294356,314.1830533,316.5555754,318.8421747,321.046975,323.1737512,325.4065845,327.619259,329.7693696,331.8595993,333.8924346,335.9674947,338.0512776,340.0874131,342.0777426,344.0239885,345.9696942,347.9274153,349.8473912,351.7309465
312.7438961,315.2266865,317.6215208,319.922393,322.1338456,324.2600278,326.5088183,328.7378294,330.8990824,332.9955092,335.0298229,337.1132222,339.2083772,341.2523055,343.2470064,345.1943479,347.1476136,349.1220416,351.056271,352.9517295
313.8851785,316.3918607,318.803925,321.1141582,323.3274897,325.4484151,327.7092181,329.9509208,332.1197999,334.2190195,336.2515042,338.3404253,340.4444898,342.493854,344.4906651,346.4369276,348.3951359,350.3830853,352.328451,354.2327582
315.2801234,317.7940164,320.2067914,322.5098185,324.7083771,326.8072763,329.0691518,331.3141629,333.4813239,335.5740112,337.5953428,339.6835863,341.7923546,343.8430553,345.8379721,347.7792351,349.7361152,351.7283405,353.6755846,355.5794641
316.7917963,319.3080648,321.7171743,324.0090537,326.1892706,328.2628942,330.5223626,332.7673531,334.9297174,337.0130147,339.0205305,341.1053825,343.2161802,345.2657056,347.2563633,349.1903951,351.1437774,353.1381546,355.0852633,356.9868023
318.4287281,320.9414629,323.3415882,325.6175445,327.7751114,329.8195526,332.0725983,334.3137726,336.4678442,338.5385201,340.5292221,342.6076857,344.7175946,346.7632135,348.7470493,350.6714397,352.6189992,354.6132706,356.5581092,358.4552857
320.198757,322.701042,325.0859822,327.3404603,329.4703783,331.481117,333.7232263,335.9563564,338.0982532,340.1527305,342.123311,344.1921295,346.298008,348.3367881,350.3110588,352.2232346,354.1625049,356.1542917,358.0946164,359.9853098
322.1113457,324.5955339,326.9583451,329.1851873,331.2819843,333.2541489,335.4801569,337.7003302,339.8255483,341.8596879,343.8063337,345.8619523,347.9604834,349.9893391,351.9511674,353.8484396,355.776046,357.7610644,359.6927193,361.5728897
324.1724784,326.6298301,328.9626821,331.1548929,333.2122961,335.1402405,337.3446468,339.5467485,341.6506046,343.660105,345.5788529,347.6175186,349.7051691,351.7208151,353.6671389,355.546646,357.4596698,359.4348723,361.3549604,363.2218479
,,,,,,,,,,,,,,,,,,,
*****************************************************************************************************,,,,,,,,,,,,,,,,,,,
*Table 20: Speed of Sound(Water Phase) [m/s],,,,,,,,,,,,,,,,,,,
*****************************************************************************************************,,,,,,,,,,,,,,,,,,,
1623.422935,1631.338482,1638.551755,1645.125449,1651.103651,1656.512014,1661.357937,1665.630739,1669.301837,1672.324922,1674.636136,1676.154249,1676.780835,1676.40045,1674.880805,1672.072947,1667.811436,1661.914516,1654.184298,1644.406933
1624.080069,1631.983445,1639.186493,1645.751753,1651.72267,1657.123772,1661.960844,1666.221108,1669.8734,1672.868342,1675.138525,1676.598679,1677.145855,1676.659601,1675.002135,1672.018525,1667.536865,1661.368452,1653.307961,1643.133625
1624.735815,1632.627017,1639.819888,1646.376823,1652.340637,1657.734742,1662.563326,1666.811526,1670.445607,1673.413137,1675.643167,1677.046404,1677.515388,1676.924672,1675.130994,1671.973459,1667.27371,1660.836109,1652.447911,1641.879444
1625.390183,1633.269212,1640.451953,1647.000669,1652.957558,1658.344929,1663.165383,1667.401986,1671.018444,1673.959287,1676.150036,1677.497387,1677.889386,1677.195603,1675.267312,1671.937665,1667.021871,1660.317372,1651.604018,1640.644245
1626.043185,1633.910041,1641.082699,1647.623302,1653.573441,1658.954337,1663.767015,1667.992482,1671.591901,1674.506771,1676.659101,1677.951591,1678.267801,1677.472336,1675.411017,1671.91106,1666.781252,1659.81213,1650.776152,1639.427881
1626.694833,1634.549516,1641.712137,1648.24473,1654.188293,1659.562969,1664.368221,1668.583008,1672.165964,1675.05557,1677.170337,1678.408978,1678.650586,1677.754812,1675.562038,1671.893558,1666.551753,1659.320267,1649.964184,1638.230204
1627.345137,1635.187648,1642.340278,1648.864964,1654.802122,1660.17083,1664.969,1669.173559,1672.740621,1675.605665,1677.683715,1678.869512,1679.037694,1678.042972,1675.720304,1671.885077,1666.333277,1658.841672,1649.167984,1637.051069
1627.99411,1635.82445,1642.967135,1649.484013,1655.414934,1660.777922,1665.569352,1669.764128,1673.315859,1676.157036,1678.199206,1679.333154,1679.429077,1678.336757,1675.885745,1671.885531,1666.125724,1658.376229,1648.387423,1635.890329
1628.641763,1636.459934,1643.592717,1650.101887,1656.026738,1661.384251,1666.169277,1670.35471,1673.891668,1676.709662,1678.716783,1679.799869,1679.824687,1678.636109,1676.058289,1671.894836,1665.928997,1657.923826,1647.62237,1634.747836
1629.288106,1637.094111,1644.217036,1650.718597,1656.63754,1661.98982,1666.768773,1670.945299,1674.468033,1677.263526,1679.236418,1680.269617,1680.224477,1678.940969,1676.237865,1671.912909,1665.742996,1657.48435,1646.872697,1633.623445
1629.933153,1637.726994,1644.840105,1651.334152,1657.247349,1662.594632,1667.367841,1671.535888,1675.044943,1677.818606,1679.758083,1680.742363,1680.628399,1679.251278,1676.424402,1671.939664,1665.567624,1657.057685,1646.138273,1632.517008
1630.576913,1638.358593,1645.461933,1651.948562,1657.856171,1663.198693,1667.966479,1672.126472,1675.622386,1678.374883,1680.281749,1681.218069,1681.036406,1679.566977,1676.617829,1671.975018,1665.402782,1656.64372,1645.418969,1631.428378
1631.219399,1638.988922,1646.082533,1652.561836,1658.464013,1663.802005,1668.564687,1672.717044,1676.200349,1678.932338,1680.807389,1681.696697,1681.44845,1679.888007,1676.818076,1672.018887,1665.248372,1656.242341,1644.714655,1630.357409
1631.860621,1639.617991,1646.701916,1653.173985,1659.070883,1664.404573,1669.162465,1673.3076,1676.77882,1679.490951,1681.334976,1682.17821,1681.864483,1680.21431,1677.02507,1672.071186,1665.104296,1655.853433,1644.025202,1629.303955
1632.500592,1640.245813,1647.320093,1653.785018,1659.676789,1665.0064,1669.759813,1673.898132,1677.357787,1680.050702,1681.86448,1682.662572,1682.284459,1680.545826,1677.238742,1672.131831,1664.970454,1655.476884,1643.35048,1628.267868
1633.139323,1640.8724,1647.937075,1654.394945,1660.281738,1665.607491,1670.356728,1674.488635,1677.937237,1680.611572,1682.395874,1683.149744,1682.708328,1680.882498,1677.459019,1672.200738,1664.84675,1655.11258,1642.690359,1627.249001
1633.776824,1641.497763,1648.552874,1655.003776,1660.885736,1666.207849,1670.953212,1675.079104,1678.517157,1681.17354,1682.92913,1683.639689,1683.136045,1681.224265,1677.685832,1672.277822,1664.733083,1654.760407,1642.04471,1626.247209
1634.413109,1642.121915,1649.167502,1655.611521,1661.488792,1666.807478,1671.549264,1675.669531,1679.097537,1681.736588,1683.464219,1684.13237,1683.567561,1681.57107,1677.919109,1672.363,1664.629356,1654.420252,1641.413403,1625.262344
1635.048187,1642.744867,1649.780968,1656.21819,1662.090913,1667.406382,1672.144882,1676.259912,1679.678363,1682.300695,1684.001115,1684.627751,1684.002829,1681.922853,1678.158778,1672.456187,1664.535471,1654.092001,1640.796308,1624.294259
1635.682071,1643.366631,1650.393286,1656.823792,1662.692105,1668.004565,1672.740067,1676.85024,1680.259623,1682.865842,1684.539789,1685.125793,1684.441801,1682.279556,1678.404769,1672.557299,1664.451329,1653.775541,1640.193296,1623.342808
